x1,x2,x3,x4,x5,classe
-1.0668463178514558,-0.17462050733777817,0.1355067894263718,1.3669494774364443,-0.5227220380246694,A
0.9699885180135108,1.4687960292741296,0.43688269407995556,0.3376746101707751,0.3190343188466654,A
-0.0665728100793255,-0.7914974240645899,-1.356674500346024,-0.43474849391238113,-0.5869016549432908,A
1.1813038393104618,0.8645087005811414,-0.4738435687506587,0.32239022263877815,0.6487976982909456,A
-0.4300985383408547,0.03613030690133464,0.9825232792111422,0.6381114361793002,-0.8381776114247687,A
0.6611563733712352,0.3085263611932142,-0.12378429181405094,-0.15636025646575394,-0.566620467013243,A
-1.9163319524463776,-2.13365352386802,-0.7106587953586663,-0.7692995669567056,0.6206182433363855,A
-0.8961469184059351,-1.1225985392341569,-0.44294729181883313,-0.7181520256386253,0.8848125332017074,A
-0.23198127535889973,-0.5280610890629849,-1.0697658759462754,-0.6153050836794829,0.32317010769119897,A
0.306252801464839,-0.01946740992080732,-0.8497045514456254,-0.4755077290668417,-0.6500379155181514,A
0.024753041355494863,0.1590324000450815,-0.9968597254281498,-0.7939601420340822,1.1298528875038794,A
0.2751139071605907,0.23734882078181102,1.5344348156923737,0.03407124465542459,-1.0584215768343141,A
1.5608747996735182,1.1565691390544974,1.027278878181965,1.028266832539017,-0.0026326378411956394,A
-0.605817693686627,-0.8310188958349577,-0.7709429310515076,0.42489490453351453,0.34505344946875177,A
0.8786538223072157,0.7555844518963922,0.8725522514019013,1.5122593159516164,1.253704356912296,A
-0.7164124143113022,-0.7351317219065469,-0.35588209803629944,0.45300034467772476,-0.1488649798186472,A
-0.9877326806161386,-0.2331613058932449,0.04883900084879806,0.2987711018672535,0.5863716539780982,A
-0.38442451472427236,-0.7549464064865676,-0.12685896874552868,0.425944066460583,0.05088380099340605,A
-0.9827449076947133,-0.1356941930837718,-0.6144493940138424,-0.06425767127806985,0.3632514190500149,A
0.6711911538903097,1.1560401327202285,0.9795337128011794,1.7478827584549368,1.404291029648006,A
0.8214845440416513,0.9509245476557318,-1.1298703880440835,-0.5741395873047586,-0.2617924635675135,A
-0.41930871660717656,0.3088620446998738,0.031132891616323533,1.3399646880319573,0.4951779729823337,A
-0.4845579356677017,-0.17809345602295945,0.008979538170598138,-1.024805892728302,0.6763877999769292,A
0.8258521077251106,0.4668302518724876,-0.5373785564407837,0.7207129032173478,-0.3471273555730268,A
1.409013609479849,0.6112273796281975,0.06025463766155898,0.7427376082965216,-0.41611402092083155,A
0.08568545319594124,0.5006449491213585,-1.3642193046478965,-1.6067813652076666,0.6258988267261203,A
-0.7384868670119398,0.32808260824779856,1.2213145212508834,1.2936795212153418,-0.04132124882722654,A
2.034874292708223,-0.019682937490607462,0.16318815591557895,0.803348245571568,-1.1047903069138452,A
-0.6067344754471342,-0.3859464772482402,-0.59984040384941,0.7715288947834044,2.218945947801581,A
0.3907196355888953,0.04871722544115332,0.12635260530081918,1.1059747324363147,0.1983047347193383,A
-0.18051377035420188,-0.043818546278636315,0.3097353618066413,0.6128453425435161,1.9982854835335575,A
-1.9716989164801368,-1.223185049289944,-0.61981986815167,-0.7595971887438869,-0.9981007213774952,A
0.2564295200577403,0.3968426745800356,2.1886318949102854,0.5676583243699894,-1.4618288109214816,A
1.0405701827722693,1.1132238434385866,0.12717400267467432,-0.5414305489200714,-0.6022440664877716,A
0.2042901922277797,1.2196033416304453,0.2909765400222072,-0.6564396466397275,0.4869865570556769,A
0.5226248713341928,0.2576915369679832,-0.9251014344528076,-1.4298485954282723,-0.704963480692894,A
-0.6015480764953711,-1.3161593628131407,-1.4185283667911188,-0.1337665125709878,0.025370988821874864,A
-0.9313849568133723,-1.6090411580346549,-0.6522286058930687,-1.4270365372476637,1.2105408043006536,A
-1.4270711224691193,-1.423629566023056,-1.7121259791100407,0.33701307279920417,0.03013054206340339,A
1.02460836840268,1.070751382085499,-0.061298561706574495,-0.2633025558157353,0.18578151328123924,A
-0.09724016912096317,0.6379932194166936,-1.5128487069591026,-0.8314929198899624,-0.7598990093287677,A
-0.41250229685707485,0.011083460897794238,0.4294965588577458,0.28083811496662703,1.5672300882673944,A
-1.5014567043370084,-1.1031723375524631,0.48592831497929195,0.6173146421363122,0.4685499850426966,A
-1.0132842187837945,-0.5895247903011528,-0.40856606707695475,-0.7193809550273926,-1.4693251686895732,A
0.04862321456375136,0.34540074173551694,0.5011917294343546,-0.6240095050712868,-0.04672892973685439,A
0.31994927011359475,0.6508910262841687,-0.6632580478271,-2.441153464121617,-2.50070028279857,A
1.0247747537232212,1.2157685539472298,0.7010529319269732,1.562045071335006,-0.19440852128252767,A
-0.6686824168461031,0.17925990278922452,2.0040480091329487,1.5293978061922344,1.144163336282405,A
1.151984072778235,0.3836574695474281,0.7484941932905211,-0.5469837993146218,1.985652400145405,A
0.7235518848435366,0.7982417478254451,0.7114743412400367,2.8029183115750964,-1.711161715478843,A
-0.0642354027714179,0.5228789473170145,1.0078334530065283,-0.521524081894326,-1.5130408825897863,A
-0.7991399602374749,-0.15566653814713668,-0.9291833633932275,-0.5856432174563675,0.13384738994085915,A
0.057109040098897994,0.04286953538323605,0.6633238150192767,0.019732277004330348,0.0034954835837708483,A
-0.823002386551029,-0.8870123572858004,-0.5478576644208375,-0.4044932846300088,-0.454993532001376,A
1.6005792033693271,0.12096020818980513,-0.5304388089507207,0.8034011495245461,-0.3099221262694842,A
-0.1571374252493234,-0.7202514897802,-0.6174284749702568,0.9859388212068253,1.06690381214778,A
-1.420007122383331,-0.7478835753141372,0.8316761043588308,1.6242070436853677,-0.3436190342876039,A
0.4062649937410108,0.5613411524778582,0.22764470701393774,-0.1951245722587398,-0.06336578592651353,A
-0.5466711201864003,0.5154075747814093,1.6257497267836178,-1.1342136079321492,-0.9465030429041154,A
-0.2780812596123306,0.020866856646253863,0.35434730630370664,-1.141907510634091,0.5271283636984124,A
-2.2795522151926533,-2.0255925064373037,0.4340672446221007,0.6269479541137127,-0.294320802099127,A
1.133438133208311,0.25380665068172287,1.2087149092240708,0.8109418656586982,-1.0666135105901497,A
-0.7427469720207914,-1.2754256336079637,-0.37460123010892454,-0.5085648262271376,-1.8930531298912598,A
0.2907680002311301,0.5549986866434031,-0.6747132264168529,0.5387790976471014,0.4438174116007593,A
-0.2720002328249384,-1.3940069432830111,0.0010351658804810787,0.18349942108658374,-1.1520848702933255,A
-1.630983768641819,-0.8906119252932887,0.9689875699792081,0.5738023111746411,0.7739274858785133,A
-1.1267740513340538,-1.0516293007508841,-1.0531279549430617,-1.4972780872927771,0.4799161569649561,A
1.1106560684276394,0.6001794337019862,0.7822609348956725,1.4351581956930464,-0.1477790233828721,A
2.534296509192928,1.6721835794208204,1.109444332837765,0.5422214814470742,-0.06589916578168861,A
1.4364211056989038,1.3910108014037046,2.5391452795789666,0.3369976284814714,0.10897274017067693,A
0.5597948047101764,-0.418794773498148,-1.1519258254220386,-0.5465865963915909,0.06816099920627355,A
-0.36240828063145913,-0.028090077350431116,0.16990790828030897,-0.638098695662312,-0.20205610098080598,A
-0.11446427459823161,0.34611815381299327,0.6407489191414397,-0.6982784027983076,-0.8626343094697302,A
-1.1780171358852,-1.7864257885599057,-0.6510145117004057,0.14958989876175632,0.9001012875102994,A
0.7383521876109996,0.1310572654605281,-0.7995318853630047,-0.720570699449405,-1.4001680599415578,A
-1.5294649491378558,-2.100227975441612,-2.607643342152336,0.11481792402534953,1.4651831535469462,A
-0.014948380762999784,0.9409328132407236,-1.10279418248036,-1.6527369297034897,1.1698233967936875,A
0.4794054879301422,1.1981901445253993,0.08738095876018535,0.13209035789539347,-0.6554258629309112,A
2.3022872898278375,1.885919770864397,0.9548391984198972,0.8148030245469549,0.49979429619290483,A
0.10097328083955913,0.24738556456308472,-0.7584503073501857,-0.37190060978756695,-0.5966968586351898,A
0.1643164025557503,0.07877599041294453,0.4992484793648825,-0.2851746128378728,-0.7326362851433601,A
-0.6988960043633357,0.7140329503181814,1.2086303252905586,-0.6000132884938116,-0.37711787015756887,A
0.4777905533228011,0.6552111558829318,1.6586512873200725,2.727983698726712,1.4319648524262476,A
0.42227252948893285,-0.269946866549481,-0.1150413450123186,-1.0295151495871693,-1.5866123467491253,A
-0.8842037504558738,0.06868031949189946,0.765657752244659,0.024716103979001047,1.0793005233727857,A
0.1906188198368772,0.5162417220806605,0.9512248494299912,-1.1330099210824836,-1.5955925690273094,A
0.9182890885082536,1.004753085968407,1.1010359642089371,-0.9747901002890564,0.3470286859621076,A
0.40067465586216183,0.3697980352287872,0.5917671273895779,0.2538457790852258,1.3306951117117807,A
0.44566581333057087,0.22930532554859512,-0.5542211111125221,0.42960110558012177,-0.6690169655161725,A
2.059361070326516,1.468539617955208,-0.38386237881103114,0.04246915971250446,-0.16913795181932936,A
0.45757877611732234,-0.07184218296026727,-0.28919050561114445,0.7843986795280833,-2.254657904678885,A
0.4853234226166243,0.20192680845832603,-1.1990064466547665,-0.8276703087405233,0.31417413354762136,A
-1.1202814320704768,0.032252246810370096,0.49984417436072953,-0.34804964606000327,2.0697303178042707,A
0.0014443120711782453,0.40344087488281866,0.5711680951742968,1.0472949881655218,-1.8380145322896253,A
-0.22282435366129189,-0.6173863689903486,-0.054186789414744724,0.2572338649098891,0.36235606123232234,A
1.528234572118534,-0.03789668837003995,-0.5970439737352162,-1.0071849662214543,0.7224324039602683,A
0.4967067885709857,0.20014696987257688,-1.2179849802743443,-0.9848762635120782,-0.7185111677073284,A
-0.2516573351339201,-0.2124048901980221,1.1581708818627354,0.28451064880958965,0.05786727593990477,A
-0.7011919932398388,-0.8105649264897646,-1.1513579633976467,-0.4272662426596637,-0.02738564597145767,A
-2.296391848215688,-0.7958702068832999,1.1506197913006866,0.4071536215956694,1.2237021245526793,A
-1.7557814286038806,0.04236075062916806,-1.2657353425481535,-1.6798003202442353,0.4493639970692625,A
1.377820904043303,1.1442308475834524,-0.7427421723289348,-2.1048759503053405,-1.1341767848260356,A
1.355657598584415,1.1013294734400638,1.203123544339096,0.6439129661138681,0.1499014866039951,A
0.6823565105857439,-0.6113436472928058,-1.045179745221272,-0.3975472773870468,0.23650828418873032,A
0.5821106323039565,0.16969730814702944,1.8021208050984856,0.9153261368879672,-0.7771211130055425,A
1.3962002119212664,0.38491496417262594,-0.5355990382336298,-1.053589841252502,-0.6359351472474511,A
-0.31364081903588914,0.4487860141554735,0.25165872495362895,1.188079770688189,0.6717188075001678,A
-1.631442853352544,-0.3509538570656487,1.3088730139202123,-0.7365753493702869,-0.4988686194417922,A
0.9424524227625675,1.3438085319904332,1.5741910010356728,1.1588134336664628,0.21332213843008432,A
0.6747521033798689,0.0006287184083531811,-0.6260116428057764,0.11071428190613174,0.7481347068465894,A
0.2856660062891225,-0.3537250862004201,-1.304288701863014,0.3664414335081994,-0.8486662065203397,A
-0.4039568795578506,0.4526462239882691,0.6762195770102493,0.16729636149568275,1.435314162326962,A
0.24775750124939241,-0.014198751040838061,0.27137955591699436,-0.6647446402542877,-0.016972255345324615,A
-0.4297956702767462,-0.7921563625173008,-0.7556148167971641,0.10850510545537993,0.5135885888565649,A
1.0034665231299114,1.306462377974258,1.3320736853393234,0.0968186872045209,0.04018695201490105,A
1.6319026698036052,1.595611420337262,0.5824452708823146,-0.7367453427241898,-1.476907201856684,A
1.537318023548423,1.732458491468733,2.4580583950132087,1.1585507028967215,1.0453867957069527,A
-1.5853040920395602,-2.6024320849692653,-0.6040841351347223,0.30857363077984407,1.0431950902576224,A
0.19675561768913372,1.6120387236556983,1.7319427360090314,-0.40500772889683095,-1.4097536463852385,A
-0.36069872187196517,0.6574982909793793,0.5519344159185302,0.8353967589479062,-0.5959411783515239,A
-1.138527763584019,-0.46459081764026894,0.7259934301719996,0.13494122034879294,-0.8926072712790616,A
-0.43718991177060956,-0.26490958056876446,0.1591024744959353,-1.5872266218106201,-0.42444207724130445,A
1.0524688902510557,1.2525884887513001,-0.36842898459065443,0.32188042538273304,1.1951318218660014,A
1.5654031142448253,1.0221925836356913,0.7740273833921073,-0.5616422137881278,-0.2637305860774132,A
0.3295200351813233,0.3227204068438927,0.6319232986129316,-0.19219220877756457,-0.11358017681415655,A
-0.739372513651682,1.0634107359416578,1.210176069935569,0.26430725788091075,-0.9212699973703161,A
-0.7594997798593102,-0.38078965196657355,-1.8277605353505806,-3.4971723526492235,-0.3353453068518024,A
0.5728911615245857,0.04847281983249037,-0.3149436027764755,0.42321454647074436,1.0145385734997066,A
1.2125522351654197,1.5543705757856816,1.0339527039283332,0.08342116423802516,-2.062889905708418,A
0.5431330222230765,0.48813534761491123,-1.0419683872580547,-0.44349081186866557,1.3329176694683043,A
-1.9423883788385714,-1.8568753209302988,0.2211344465292756,-0.899787432559511,-1.3860665200065017,A
-0.4629409837605951,-0.5882696563137523,-0.11952339792024533,1.2047541663417807,-0.08182680572683218,A
1.4406378944842735,1.617040894422146,0.748682386965707,0.3505422012936844,1.002043223276634,A
-0.051200882295922,1.7819508566674407,2.0419995273105944,1.8346844050824476,0.30715511681072116,A
-0.5280319000051941,-0.7033358730931041,-0.2184530681009695,-1.1627345968060607,0.7400992708414079,A
0.6628871176381022,0.4144204831807004,-1.6823287322781026,-1.8766995229651904,-1.34004059212146,A
-0.8246630561522815,-0.4292137404125036,-0.20877803505552117,-0.9228936455924482,-1.3428597140736735,A
0.3133474214557339,0.773061272304054,0.4691525906647582,-0.6166727229565275,-1.5514558105223313,A
-1.1929523668702473,0.03840869956083879,1.1721287975657613,-0.8198281345838729,-0.4295282734829083,A
-0.4077670599384704,0.17148105655000462,1.8640646765809117,1.7202365467327567,1.9274091115673788,A
-0.6423400596475437,-1.3228845247004373,-0.6990458954081814,-0.29092482209096115,0.9826170106740538,A
0.4866754406116313,0.41535321314855855,1.4648939898531181,0.939205346260684,-0.0657925689057307,A
0.38257899964395087,0.33484527799584113,-0.8187653020838396,-0.6161283777233751,0.6907612761206202,A
-0.043381336242258525,0.9012785245155611,1.9133614562704295,1.6187369390462862,0.06530092778170307,A
0.29183658119207345,0.9326840864969309,-0.948778544949297,-1.6289100830382064,1.9223780464841869,A
-1.7463346236280677,-0.8479930757285192,-0.3481631677452776,-1.0969850347366128,-0.724913152213131,A
-0.39788377632474065,-0.4704739618618088,0.026343815138794708,-0.2677688243290731,-0.5157836059728585,A
-0.8445669764221186,0.8393945175048083,0.156043526631607,-1.2391925352563948,-0.7892924796650559,A
-0.5992884769368931,-0.34652331932590075,-0.8669619023009301,-2.1998838284530287,0.7548456785839193,A
-0.4250680885769205,-0.023285629026700214,-1.3726009647624466,-1.8644716429810304,-1.1368721303559592,A
0.9029370760452146,-0.7464976377587054,-0.8491841458001169,1.0077728761733447,0.713354137990018,A
-1.1941644970349472,-1.5317081923680198,0.03269997882182283,0.7093142112785457,-0.6261861577839994,A
-0.6660755344840337,-1.1186504290863881,-1.037347554213883,-0.6159528169223568,-1.0939706322061082,A
1.75038390280905,1.3122839709614695,1.4496248372743308,-0.23939343979853356,0.8451768461290162,A
-0.6343601549963371,-1.281091737281772,-2.256800292493392,-1.0396324215945045,-1.0735006562273575,A
-0.9841243295144576,-0.18218720238445524,0.5346173211489034,0.9800754698328797,-0.011978115329576863,A
-0.03604793219365954,-0.14374279132598966,0.36068105890824165,0.57217084725045,-1.7628064108658752,A
-0.43754877810378123,-0.059236600656406714,0.19637534625505643,-0.6069049533455462,0.33560774591427756,A
-0.3165434863366752,0.7253032104603189,1.004213403113512,1.596264235630636,-0.060293066403619255,A
0.5982284405279821,0.2664133109066163,-0.5810302613202472,-0.27317237747843404,-1.4953577327566712,A
0.6274805958338585,0.018712615471493353,1.2413273547679118,1.2614612070463145,0.09118290400582757,A
-0.8228793558094722,-1.0107643926728314,-0.8217654110642484,-0.4518422347844463,1.16868515355376,A
-0.3682088654158916,0.21428074377626968,0.6989563628972428,0.367828412817254,0.06800557632287371,A
-0.6853003210420684,-0.12471480250939594,-0.07618125197981108,0.45145598521560487,-0.16399879110650054,A
0.21746518882747862,1.6466331985984992,-0.3643255577119613,-1.9312665703155958,0.9048907255108859,A
-0.4028295110884793,0.6196090792401614,-0.880364149738028,0.7001131945372537,-0.15813088094313768,A
0.1850138521166156,0.42050587100721737,-1.5129426220222173,-1.5910643699208513,0.49031818044109476,A
0.7402287314055861,0.5665824251992493,0.4103005442404506,1.4771360614119855,-1.4460162040167042,A
-1.8107365044991466,-1.8144585178600061,-0.3798446684701461,-0.5948683572030866,-1.725068628071718,A
0.9616020778602218,0.413296301942519,-1.4404254611396943,-3.100747228384078,-1.8169873295160053,A
0.05736433189986026,0.05482967814154052,0.8492431468685553,0.555711559790255,-0.6288568391570444,A
-0.18781059553554505,0.06782304901817188,0.8221729677098162,-1.1938809496472729,-0.16807457280439664,A
0.08862173170683701,0.6281199396911645,1.293819177118793,1.5863832491421312,0.6163160040242674,A
-1.3283889456559992,-1.0811068539409736,0.4560769344528788,0.5711526896928402,0.9016294832741676,A
-1.2052805419971422,-0.07488442268352936,0.4930434172835576,0.9427727128040643,-0.35730804498501045,A
1.6394730939190967,1.7924467303971299,1.0471711099930747,0.5661209066616193,0.3555345366056337,A
-0.18288497080591354,0.5521342068012633,-0.7434710540477553,-1.3658024230726062,0.8391373059574719,A
-0.6514132317330054,0.8511157745570401,-0.22628017181652196,-2.1646877344768307,0.32396916430523875,A
0.45765592084326917,0.6808186019353454,0.602308675374041,0.7429466915866108,0.6195251171432352,A
-1.320430633154154,-0.7364382145956708,-0.8478075589269823,0.5187275481576102,0.8544894222060436,A
-0.07489777129497571,-0.28846565829991105,-1.0628909102630406,0.5544273984033287,-0.21127736194778884,A
-1.902790446642479,-1.5816873645936207,-1.6116341314738898,-0.408156391001275,1.0796233539832016,A
0.8295833699557726,0.560677514945069,0.7421868973524205,-0.4215806007666147,-0.47775608336233355,A
-0.6337772307295093,-0.2271321813919159,-2.104061120705979,-0.7746658309163774,-1.3469696493962346,A
-0.2691557442912797,0.11286945485900331,0.9709148429741825,0.5745290794925287,0.32189984044757924,A
-1.7370376193751562,-1.7702828048024914,-0.6777197007691228,-0.5388861864793375,-0.4022317275982586,A
0.4565634374706821,-0.15732870376944744,-0.5065350933173144,0.4100654676279193,-1.5046213600252476,A
-0.5286576087612759,-1.2138950895701635,0.05315342445160944,1.1347074134844979,0.3108020305711279,A
0.4515491842268167,-0.13047785935981338,-0.9504799586261975,-0.25100197239271377,-0.9847387793536527,A
0.00044817375590152595,1.5340690558606151,-1.641975648369197,0.12637154411707038,2.4532687648584766,A
1.1328046631537647,1.982349170899312,1.2530360431645164,-0.29519565072254067,-0.2963804672736225,A
-1.5507332826562892,-1.5996804516887995,0.404791279076403,0.047755496858703575,-1.9587372515854626,A
-1.20029479462235,-1.3558183764732659,-1.2956064484951435,-0.7071520415091881,0.7774404961068477,A
1.3529155886142559,1.0902818200975783,0.2575163663886779,1.023079932396754,0.7047823309478796,A
0.04704261374757219,0.4336912308707173,-0.06552596139298349,0.537693348025686,-0.2685774934877787,A
1.1826805039713928,1.3095061736729878,0.3860192512573499,-1.2871342228814024,0.2967182576916182,A
-0.7890096953829104,-1.0755415265453043,0.5024957697536141,1.4445990211451887,0.19399559225013388,A
-1.335115290127517,-0.8577240104400033,0.7069026905763632,0.8780062995478616,0.20778940106923888,A
-0.11283924280896014,-0.4987202962291433,-1.2946766375629373,-0.8080298201713019,-2.4610665219630317,A
0.23553102131210976,-0.32794933688795297,-0.5843631440787157,-0.7381137524111094,-0.4211170869423063,A
-0.05174548694339755,-0.21407141392060822,0.06529913321186963,0.8930200937032902,0.538298481918594,A
0.2988412486008568,-0.2592490610991053,-1.008992965458672,-0.3605418783362057,-0.046684809777131415,A
1.068023175085385,2.029283539099986,0.18750985689088379,-1.5156999510316298,0.28431209121964063,A
0.9978764027969039,0.8092677537728501,0.6403668007433744,0.06592955338961955,0.36804611527171244,A
-0.607865829642147,0.3025169738481477,-0.7225582692458106,0.07884109448054563,-0.6523433547610585,A
-0.32528358003064933,-0.6384424918529655,1.670275360798939,1.8481237222008358,0.7998267905262584,A
-0.872990509616482,-0.8862067531808651,-1.2226080724128219,-0.3037957732843108,0.2116748789560854,A
0.8251119225393257,0.06749220376452986,-1.0688393319997076,-0.5226957521284231,0.025372093924237615,A
0.9336674316676171,1.3362725437686858,0.05633038148930711,-0.3775895137168814,-0.9568477536833285,A
0.3296635933486587,0.5529596942635534,1.4486448677667656,0.272605542793956,-0.07187849856404124,A
1.1318439146994965,1.2093796727381696,-0.3222481971999412,1.773274697875636,-0.3844762139294596,A
-1.0928496834810717,-1.4361099532961863,-0.753992286834761,-0.5417484498223082,-0.5419957806333312,A
0.8687028434897729,0.6831946205044175,-1.517794063672042,-0.6173191747585687,-0.3043477627116727,A
-0.15195414758843376,-0.41065602769292864,0.24589410758484007,1.593238186966725,-0.2721121913009872,A
-0.8349779317225543,0.24520900623520606,1.2723634979064615,0.3121542281908651,0.8845412388084272,A
0.19743885923546348,-0.26445569151517906,0.49271008244139547,-1.402451483675881,-2.935164551498262,A
-0.2838247990191564,-0.32249947859672606,0.10249985799027385,0.08983980292076599,-0.36556807569284083,A
0.056364584561082835,0.01962610175583712,0.21778386956047038,1.5327296879559928,1.827721741551495,A
0.27002020200353083,0.6721026610788531,0.4653335909831188,0.34372483245054497,-0.7308760905100189,A
0.0716064084586047,-1.0767331895654408,-1.7339122233641455,-1.3117883407769158,-1.2529954633789637,A
-0.942342842445989,-0.5996434176575842,-1.1204127508509232,-0.5207249058721993,-0.9525251896290724,A
-0.5364207081333869,-1.3734927259449894,-0.2942687660724998,1.4048260927165805,0.960480010696435,A
-1.2291933366892296,-1.3831864087678367,-0.9618686942354954,-0.4089796379822879,1.0937229989525397,A
0.27298379890457275,0.5381577017428448,-1.1275122181127673,-0.7518001274203109,-0.1628628060852082,A
-0.37247458646294695,-0.29967273727193405,-0.44558404044962496,-0.2724776542539867,0.6908576571565098,A
0.38108656595584467,1.4038094504265477,-1.1049459769735313,-1.3539232393221696,-0.5267413187887152,A
0.9970208884065062,0.673508246550755,-0.18982877913665808,1.107358880541265,0.5425418463480538,A
-1.0798801244642982,-1.139125013639274,-0.6974043984065771,-0.49237378705063284,-0.1278909367143998,A
-2.2302353278289018,-2.1367709160749557,-0.025270595377403875,1.0456575301994537,2.646565688335543,A
0.14735033098669706,-0.8417656157356475,-1.121882297432733,-0.23239795893279522,-0.02453028554986292,A
0.25343598769003106,-0.02202377047942509,-0.2816280135930463,-1.1478482239278265,-0.5025208395397492,A
-1.1844935627593889,0.45901097783148487,1.3400501760983694,-0.9867672276311588,-0.956875325067919,A
0.30620571353001486,1.3856348754601968,1.3043039256786064,0.04108615521558545,0.6862424261111923,A
1.2971148769810752,1.5994046577457022,-0.2457305833040841,-1.848194456521166,-2.4138962021221637,A
-0.036036301549873785,0.5686934619132828,2.1692613157325105,1.4861786727674302,1.0453212078145404,A
1.197505161077053,1.052519357871478,1.2979345185846454,1.2760618158897337,0.19232131833790497,A
1.7010464645913297,1.4366024442038108,-0.35320982393149886,-0.04401839964217447,0.401570102735485,A
1.0751818896236423,1.1114543162334802,0.8150688682455307,0.9980940770132423,-0.23384126377991507,A
-0.19029382768255437,-1.6686456872111544,-1.6553607868576692,-1.1180256178180341,-0.3303969665212882,A
-1.9616446702207355,-1.9542662669579658,-1.4015000500937367,1.1146758205545946,0.8872689396821676,A
0.6689074584528435,1.2162899207357254,1.1516023143899634,0.833990527422708,-0.11180704666843454,A
0.968499122374828,0.1315105881898176,-0.43000127025351,1.7805223761150364,0.7208473480300133,A
-1.7409138291203705,-0.1394648483191141,-0.2527602605762961,-0.020413912313365794,0.365738665602696,A
0.7974745057425409,0.5248999451150828,1.696763022617046,1.189874664237247,3.0310116925462283,A
0.451452050340318,0.5998509142884176,-1.0441174906284525,-0.6174390804198013,-0.989192194511411,A
0.20012435205285553,-0.4320520907524525,-1.1170794153641528,-0.5786209237341368,0.14085682898835455,A
0.2661975312999887,0.10140176077900927,0.5608903293800492,1.06447642584928,1.5161985692988924,A
1.1236541621835177,0.2093677317911227,0.5427997694672004,0.42543085985011525,-0.5576724214300696,A
-1.562170973297573,-1.7789255187332795,0.8612521486552387,0.19428318486721677,-1.152796802391857,A
-0.4085086205373788,0.34037802400572015,-0.5445343695209501,0.26755915062704533,1.7996763646002583,A
-0.20202185229469322,-0.19509863838156946,-1.9613143296609217,-1.4080304637036376,0.04935099722485671,A
1.1069260177243991,0.7815169529408904,-0.9218129205969943,0.37939942482829153,-0.5092994776247135,A
-1.0175823364825338,-0.8519325229091801,-0.1398871264761639,-0.556477408446774,-0.7537465454313675,A
-0.04252010356444662,-0.40953062341107693,0.6128244471678511,1.0150585767175657,-0.39566631565511445,A
-0.7239942875345051,-0.7840224246308511,-2.0986400870539654,-1.4851103574264377,-0.3605478801279905,A
-0.45986883300892384,-0.2510644609976032,0.7699279736012692,0.74588893924185,-1.3301085747771844,A
-1.4230495949454833,-1.7532172995655688,-0.38501044285716596,1.6930584680734218,2.41067238412645,A
-0.10265935332536696,-1.0522141566732623,-0.07654859584530495,1.876988538856319,0.1552758428359344,A
-0.6677619979001514,-0.145391311276782,0.9486152322557266,-0.6963618564600245,0.8773412473316573,A
-1.7570580225178911,-0.8461364345753906,0.6356705389345221,0.5513371505087276,1.3006372421224772,A
-0.8761958964158968,-0.7212058782759636,1.1317647790801528,2.1013469318192706,0.05726521709118391,A
0.8145334054686026,2.233624303796089,3.549093188799934,0.41442204630301616,-0.12762255234939882,A
1.6405630938627969,1.1495976301546262,-0.19504330607983267,-0.18513348878256924,0.34477059490865336,A
-1.7001165472339708,-1.9311101068391423,0.00020021025686267066,-1.1479484387820509,-0.1194118097103721,A
0.12920014254769402,0.5961141633309212,1.4326462149083508,-0.02757752478416416,0.5464504122162409,A
-0.31690539583018995,-0.9085876320832159,-1.1586208725040812,-0.726429998777082,1.313631228563873,A
1.181791681788033,1.1851181783757867,1.9479159779729123,1.6122598173659626,-0.32417611581679034,A
-0.9213530611555089,-1.756325541616933,-2.2274756741323296,0.3129089467074203,-1.364233814736019,A
0.40962951306752493,1.1705269074404472,0.4426753154334843,-0.2536735758135374,-0.4291174734329773,A
-1.5334814661128688,-2.008014390649674,-2.1354211068390447,-0.6003513750921468,0.236072563519371,A
1.1752349171015282,-0.10630618193730572,-0.6116877563899494,-0.41946621916400295,0.9646559556701187,A
-0.6290124496429171,-0.4064478368394469,-0.06796858749979964,-0.026446460159628968,0.634295570278145,A
1.0191010646566876,0.7265094384277152,-1.3873967116996042,-0.3021586270133809,1.122626722177288,A
-0.4430719065635497,-1.1310757822200597,0.5550410159238619,1.3794122054422555,-1.0282895905969638,A
1.1974971550357323,1.7636290133638213,1.1406790107630196,-0.9265515257617337,-0.29350343395077805,A
0.3305842392632077,-0.6022692273351842,-0.4359888368487683,-0.5365910079374778,-0.41350872785532256,A
-2.6304751973025327,-1.4784019326043836,0.8427697060813206,2.0269849493412666,1.2455776217055188,A
0.42073302406910684,0.5730587932929191,-1.4562962861958326,-0.8976484539249072,0.46085305013280264,A
0.870102603580192,1.5663479219747962,-1.1342075560452174,-0.6989742269019288,-0.10473593298357346,A
-1.5217137039898982,-1.1485456535546774,-1.8597023998795572,-0.7285389432533114,-0.29916305369205676,A
-1.3501979229157017,-0.9520744670355902,-0.3869157932620801,-0.2936667981121464,0.29880936822357007,A
-0.4404331133781298,-0.7188683783214485,-0.24212757953385744,-0.43872917153604485,-0.7249002245153725,A
2.0927066564582857,0.6393819038404643,-2.083571688066228,-1.3106443452236864,0.45900872155180067,A
1.7070810011612176,1.3183637827472263,-0.9376362314137008,-1.0954406775778895,-1.8258368413879682,A
0.3954350781933463,-0.06678911207178571,-0.17356941251935087,0.8859826878487603,-0.5033902190415916,A
1.305961538223951,0.769700716062271,0.14184187528174774,-0.10993133127386034,-1.1786907281721268,A
-0.3304076393269046,0.08139171162373736,1.111563164845311,0.05220780038763701,1.4322576608171815,A
0.30260824559506,-0.12725826377208746,-0.11675819147728167,-0.3927094091258824,3.0973869860002408,A
1.1720319174979856,0.6790859309747866,-0.9776349366533712,0.5105908247495431,0.9355007450714269,A
0.2814961877320579,0.5857153699271953,-0.9728872332474433,-2.0474376912875463,-2.2049374209082857,A
0.777954571257743,0.08488310406947867,0.15553314795974998,-0.6086439642212617,0.025325630852365152,A
1.50004766032116,0.5456937652184295,-2.0205686262091556,-1.0774097375188032,-1.208649414750929,A
-0.6383131969322493,-1.3749451963382628,-0.47958335301290966,0.4015985551226603,0.9152088344021294,A
-1.1288339738540245,0.24995521923269653,0.6710600530358624,0.4635338138083781,1.9213928632752661,A
-0.17331407809820898,0.5138764309300871,0.165617696759743,-1.9854374175424923,-0.018546977766341555,A
1.5325437980322385,0.4215691142041697,-1.376085709482611,-2.0515331087990356,0.6777070659561117,A
0.10377324637758306,-0.4842560689453909,-0.6036466986184048,-0.5059580564876822,-0.3828002018546923,A
1.3407365967506635,0.9830063174470284,-0.7101636932497691,-0.40143977676523446,0.937244511336985,A
0.2698665239097521,0.7752504418855988,0.5346594220860751,-0.28177174961017054,0.7962658718795224,A
1.0731032382061816,1.410285657934922,-0.43631164943176864,0.4310171704450934,0.8663858799544846,A
0.059389107480900774,0.28814219173456446,1.017502867089106,0.9212506738218461,-1.0061333186537622,A
-0.8017262173333132,-1.3242481742766512,0.1844522042466665,2.4914928436645662,0.4292489741890453,A
-0.8148484945047737,0.7237193966412062,0.5991078370336778,-1.228182094889496,-0.706846462424255,A
-1.2016429619564262,0.0991423939461587,0.7181880097480523,0.5788110449557922,-0.9316613734660993,A
-0.17182569376235932,0.4396362935449889,2.3334625711406036,2.608554029798341,1.3210276925667812,A
-0.7050674486355406,-0.5688323797182179,-0.4342058096827687,-2.3551835755802077,0.02474882004612625,A
-0.2229421387643263,-0.8996823719645098,0.5698289415912611,-1.056006662368966,-0.8131776079163128,A
1.5184300858451858,0.8370893788639981,0.010126079858973664,-0.9297459195450996,1.5190864681215257,A
0.8489657570076821,0.11545009335248704,-0.09050635134266313,-0.7470451207858926,-0.4626771654273863,A
-0.19764285926880212,-0.4641008058553282,0.7448739370603991,1.7371494542280919,1.307108694094548,A
0.6736717034281512,1.633799905513829,1.0968181860412667,0.9921041563412355,0.9393207460735883,A
0.2656208870088483,0.2733035649180606,0.7214269273877048,1.2151357596985501,-0.5395167430811136,A
0.010366828712342764,0.8019096349175754,0.206791577294731,-0.48891573305937464,0.9026374321463084,A
-0.2029473806091602,0.579876880231174,0.643243247056346,1.6138736159054077,0.16499237069634523,A
-0.5255401803825167,0.3001788715793076,0.089983477708921,0.28575119753077155,-0.25582283948886575,A
0.5350295545806119,1.214293728497904,2.014755882621143,-0.617014907028705,-0.4801520725134502,A
-1.319342093750238,-1.04734525640903,-0.08159907990786218,-0.5314217845195051,-0.4087682547496358,A
-0.052439585219111164,0.9152241939324671,3.0369580117124904,2.07573003178085,0.2588537535382615,A
0.5487659256746251,0.7859234690798933,1.9129159924986932,1.234644998969958,0.8944887645445101,A
-0.20556401269868851,-0.1695362126821411,-1.1358182177790248,0.39789642304124323,-0.6528487537244549,A
-0.05358665818622703,0.5644721218457369,0.35415402158050363,-1.49042692247681,-1.3234123013117751,A
-1.103644688316324,-0.9507842277241343,-0.9414420592198103,-0.9087043979486574,-0.4230437287120131,A
-0.49229942410055755,-0.15515598748906387,-0.12743453225414064,0.2004719888269836,0.08622985493407054,A
0.8620340698493494,0.6814568253582853,-2.949451465274499,-2.4636672804261592,0.4631810852229771,A
-0.26432816408067344,-0.7036182332477229,-0.5382395157611171,0.33914076852943476,-0.950023833139511,A
-1.7688265860704806,-2.1535257179453033,1.3574865760318526,1.7597817742300002,-0.7260089209714046,A
0.7331106428491837,0.760911706889793,1.274380592980284,1.0488191033812981,0.2575485075280647,A
-1.811460534285832,-1.5131290425483073,0.8144484838829603,1.18807727394972,-0.32773548698297633,A
1.53476219298447,1.9455706082948918,-0.8130932360750206,0.330461785037388,1.9862301953301253,A
-0.46618586522703614,0.07346114144459515,0.4675360243576742,0.10302298333751624,-1.0096636278595912,A
0.727128486564437,0.9301448224536875,-0.17193464978402467,-1.0319577479740298,-0.8548802719817559,A
1.9098005343845172,1.5072256651511888,-0.3148844272460742,0.41978945184445327,1.4456589048826467,A
-1.7455219993522157,-2.991631279841495,-1.2963610387623579,0.8996327784326611,0.04315697386296741,A
0.5612395871081008,0.8664497533140336,0.05219459902357226,0.20903716574307016,-0.09599058805234073,A
-0.5533650150087631,-0.39885014486653286,0.86665451196015,1.5802930772916286,0.38080559587775076,A
1.4796641581133647,1.894833748686215,0.688359433080835,-0.6103288158802134,-0.462629539044602,A
1.0225529577971495,1.1251072032819571,0.6779113833505088,1.8987545021721188,0.7428432502174057,A
-0.601775712876785,-0.9858486911614895,0.22345761737369935,0.1325807564053172,-0.03584750663255677,A
-0.43384302140460906,0.45392040895297,0.840041299669414,1.2514955305658548,1.9387850799989217,A
-1.1855620638594333,-0.5137363289691798,1.6724090434449415,-0.4391078669190076,-1.7268149269178268,A
0.2783162094407723,1.010492944265018,1.9724603709755908,-0.3095569226612511,0.5281150306077319,A
-1.6348047755728534,-1.9205211614632771,-1.1219451031769283,0.27297575511602534,-0.37960497763561757,A
-0.8060754161180838,0.08427019951444499,1.886042833012248,2.1168631419501085,0.28093176037461753,A
-0.47628861355008323,0.04422014263652493,-0.30521264563330286,0.7899575485313893,0.5596134490989524,A
-0.6549036778568581,-1.842968501559095,-0.6381197618707708,1.5999647679659483,0.7304080135926357,A
-0.36760719834386696,-0.37357433084949165,0.3042459983725556,0.7557585385468849,0.8058184403720524,A
-0.3518689344621832,0.3600855078183019,0.5350366873604756,-0.5777198698401625,0.45173034395757344,A
-1.4503770617396,-1.1963458008483865,0.6207165476597306,0.4586289406913854,0.7497703780097748,A
0.741473318289238,0.7217644087949122,0.11343306525956105,-1.7255051391268672,-0.736009326068426,A
0.4896063657114799,0.30442083719035784,1.1997746931837299,0.4481149501778809,0.07369871698327235,A
0.6402122863486743,0.28325705917726646,0.9255219100017084,0.38997372668417707,0.9912413134223943,A
-0.347237481946984,-0.06130655747771518,-0.1323483665072226,-1.9844826640399211,-2.55568860368074,A
0.26091358919852514,1.2405742385936231,1.2206930900578508,0.5739216496636668,1.1003946235144404,A
0.016919886153125837,-0.9803403588223385,1.8274086332275237,0.4781811533693474,-0.1147693944233491,A
1.2386251000016124,0.016149737526448202,-0.8548601496627972,0.7215610599728862,0.9137190955351067,A
-0.703721313043326,-0.9973588440901997,1.3694968822139915,0.420224503352943,0.49207463527720025,A
-0.3505058946888293,-0.6944595720734181,-0.9065054460021263,-0.9407287048326587,2.3164753748380074,A
-0.028301090762362445,-0.9930736232397375,-1.9432616066901824,-1.3050020517649956,0.9357654655077764,A
0.8200649209101852,2.0272545285717016,0.9394250869682237,0.5287771108177518,-0.11469977861659512,A
-0.07424191564395863,0.37515272660647603,0.5124800452854112,0.14007341208310023,0.3650618684707719,A
0.18878966166711234,0.19871040148054958,-0.1796032754034245,-0.561829113508338,0.19217046286176018,A
2.057087334099402,1.6116849089630239,0.8561702086013053,0.15511545500859064,-0.033830624915639304,A
0.8390393560518695,1.0937896249432555,2.410243830720674,2.2436694166998463,0.600793065557829,A
0.5717003630772607,0.6098779015050423,-0.04380026335155477,-0.12459608870770816,-1.1488651910272205,A
1.835806779257633,2.273447608173504,0.7691432025293575,0.43181362682464125,-1.377868446392026,A
-0.6754573215737093,-0.26572776908768,0.008567908273598629,-1.2357215715033876,-1.634803543208815,A
-0.21572343924076115,-0.8079863181128663,-0.9633733133104888,-0.18364619564325357,0.8880457473846487,A
0.1471446407911395,0.11300223261030005,-0.9938702069393801,0.5156764935227456,-0.11748234899393599,A
-0.2786491137172418,0.9997390506665573,1.1167874373897917,-0.3768806245085804,-0.5323875356948061,A
1.9583494302596256,1.751440195501882,0.9297414805391366,0.3357610909277192,1.2238778344988028,A
0.9397231398302233,0.46933908970796745,-0.12493913163702314,0.2681139357685241,0.1255196586139814,A
0.10463081750577242,0.8793633348423284,0.5467118318353346,0.6808545507159494,-0.9362932689662041,A
-0.8879271851153591,-1.1662186297721528,0.42411279632447313,1.2068141874274234,-1.112171238388151,A
-0.3312256837413847,-0.2675769491774429,0.4696337990512823,-0.029997722610708592,-0.48721437389709377,A
-1.405385990051921,-0.5269340596596773,0.019611825520980054,-0.3053607669663721,0.8948249363310834,A
1.4881721571006536,2.118341034971215,0.445019589680649,0.8126296857422215,-2.064991523311513,A
-0.4496815288770115,0.35546248352102355,-1.703988633211271,-1.2401791806902056,-0.197561143479405,A
-0.8887540861886734,-0.5848661385527809,1.2897736053744355,0.057800349153470626,0.4616837135455084,A
-1.5620676602246695,-0.8431431439054127,0.3710322483161596,-0.6877937236669078,1.6185102612804187,A
-0.5741173958960716,0.36650409413655116,1.5064637453301526,1.358242011608098,0.24673706564736128,A
0.947162918979168,0.6460639542419926,-0.009259547500710225,-0.7898373967304325,-0.8691092626680178,A
0.9745066760741744,0.974703029553094,0.9182153444005763,0.09762485567887189,0.019650559835050208,A
0.449985669908294,0.7789736758044724,1.6669687123294463,-1.5673533517357718,-0.11656288352026563,A
1.7296422937385287,2.954910013090755,2.4024655923540306,1.4668980948137127,-0.47798272387909896,A
1.8306608578033519,1.3004491915957062,-1.2044825173114624,-0.0799338288186759,1.2624032933264617,A
1.275140712831792,0.656384301169672,0.3646959551287084,1.1527767919578358,1.0845439320527734,A
1.3390853013947472,1.721153598281925,0.19222540801742266,1.5155948575250222,0.8065180010014686,A
-1.5514602192950004,-1.1221268345186832,-1.0941015397629814,-0.7797954969251749,1.0682155624492262,A
0.7040910602114787,1.543375408324348,1.0643928448892512,-0.7055815382893569,1.5406395416159582,A
1.6435746668429683,0.9593112567697304,1.7096331886400056,0.6074583696851149,1.4069874946936705,A
0.20575326418594436,0.10389291222890266,-0.5325994154431527,-0.6163846348336997,1.6456722006054918,A
1.1837244533619127,1.4493081531011303,-0.37628571892875323,-0.5784176610744182,0.877981101016939,A
-0.5982227486063945,-0.10845460430925197,0.22094960942585404,0.410774442357393,0.49680633543855746,A
-0.19169778372407473,-0.5421525091538886,-0.1783962883148465,-0.6050703834023632,0.04885616359677874,A
0.09218066228747009,0.3286211035304501,-0.49953294071533766,1.2001319494378528,-0.2816100602696947,A
-0.9802154397339526,-1.5741506597125545,0.21409457116759184,2.0238812686103356,0.17385124686248024,A
-0.6284597260409186,-0.0867428265499532,0.27931362735145376,0.3527080801998803,0.19342940401683478,A
-0.08955174495258232,0.8108063946617345,-0.0559981505034766,-0.38235848906468317,0.7641505498694379,A
0.09550759454574133,-0.3085479821441322,-0.8585789753569313,-0.12927631450380364,-0.599546102279652,A
0.24806679560920572,-0.8230699908985112,0.03059710082647741,-0.7750624177607783,0.07477242002017223,A
-0.24924861462033546,0.550665548359885,0.5555304786831698,0.9260707694716743,-0.1911514608739935,A
-0.4125960647373107,-1.2795332011307676,-1.3926455031244782,0.17504401790661464,0.779934695480526,A
2.0934434935336816,1.2219869760808344,0.026916220003792245,-1.164003034231144,-1.1325617869365547,A
0.19163350065225349,-0.31056029811000924,-0.5011150892472354,0.17526366710366462,0.5107921039792455,A
-0.7024095697182317,0.11415998397460247,0.40559681768972167,0.7175923043901716,0.1564776150719745,A
1.7444724612273237,1.7325708637335702,-0.6221964958865738,-0.002270629198214826,2.2280378687664495,A
-1.4470076391749123,-1.358175627749097,-4.727415967939911e-05,-0.1577246379742976,-0.44182809250603344,A
-1.085497607994579,-0.8419998087412067,0.6878577560272625,-0.27428436237594217,-0.617158952393018,A
-1.2799603040844756,-0.25780206313676163,-0.0499308605392435,-0.998862785032476,-1.9440148073253054,A
0.7758590995246338,1.3840836958662062,0.1573413817073487,-0.08930762813166912,-0.6633350693865271,A
-0.584273979837359,-1.4910939790786555,-0.39972995689126944,2.10750218103197,-1.1502412374942657,A
-0.8502793112223875,-0.23954367637508459,-0.5484963629680552,-0.05562688191590469,1.8781503538039874,A
1.884337064993743,1.8792822026436913,-0.35246724404239754,-0.7691106165992494,-0.8461465837034351,A
0.609051572553816,0.46148958079967045,-0.7516027241950609,-0.4915476834610977,-0.4025726880348584,A
-0.059654072982151446,-0.03141150332253925,0.44688514734618384,1.0587990980555895,2.3853471188706807,A
0.3572861441801907,1.6043667090679614,1.5477635138565595,-0.4871622207434992,0.4044266484425307,A
0.2645707080897393,-0.49686167463671826,-0.8354894844295988,-0.5003279427847968,0.8759534634547689,A
-0.6471736665295262,-0.7825543800780841,-0.22631944725643,-0.504848024221239,0.5252967055703363,A
0.2772685470844695,-0.08966270604258661,-0.7768822224185092,-0.20979360380606682,-0.5004762470049379,A
-0.20108425270518124,-0.6651383819395771,-0.3354922564835399,-1.9365520785386738,0.7019821580548095,A
-0.7185125700003367,-0.7256458471206133,0.29790909874665267,1.680118373095818,1.119165173706556,A
1.021950022195801,0.9578717974857645,-0.6030144311859589,-1.4288919574705772,0.6238289389341471,A
-0.0831526289848505,-0.3936618922262194,-0.21650419691819844,-0.4348996683377862,-1.064520070328237,A
0.4697245578019305,0.013685266224488618,0.1395339810286358,0.07812722370868298,-0.12755914606270108,A
-0.3301031735899633,-0.4507845464103781,-0.6595167223858801,-0.2144660749070079,0.6736455752767165,A
1.168951566264155,0.19509516802613586,-1.7097168083012617,-1.7959103968445491,-0.38886331319979095,A
0.7915008934362405,0.84446626545544,-1.8506411301404297,-1.7829346447744603,-0.577273780652699,A
0.6675901531042048,-0.022806569809286945,0.35590874843509135,0.00013132263258524565,-0.8734582685139682,A
-0.5185164999687609,0.027970222749390466,0.99767600375787,0.6598890646234622,-2.422803029034764,A
0.023699457122596263,0.29252804227074874,1.4689777685496956,0.8664641218201617,-0.40259080863293156,A
0.28810529422175596,0.35881099643162334,-0.24923988445907416,-1.1320599583407682,0.7007617729708163,A
-0.2979085706713124,-0.26031743843648264,-1.1955091932345083,-0.1397451696013588,0.4499891271310997,A
0.166562596002675,-0.10582033476594857,1.1441873696624816,1.2522842633294542,-0.9099304655242543,A
0.015410635767985518,0.059964502681078655,-2.797733005193907,-3.094160752995433,0.5744075363985058,A
0.1345575392274223,0.46790706308105307,1.5659814041237046,0.5668859996525312,0.9356467996526461,A
0.1212325090011511,0.12785361024789743,-0.43159666186839385,-0.09043891380745976,-0.7511587581664726,A
-2.0880202422803404,-1.1836739488954988,-1.7672826969756363,-1.278285435297993,1.6164860264469343,A
0.5767601266255838,-0.3730529155580107,-0.883310629787475,0.9529811826088623,0.1352935660941769,A
-0.8012444706859321,-0.9520802236378505,-0.1891920323421574,0.5039728044257168,1.197771579306881,A
1.2312857122227416,1.8668335165514025,1.13913767907812,0.6881407162601921,0.2009516124273253,A
0.7723420454934029,0.0712691042482449,0.3067303549967758,0.5197440265403381,-0.06825878307102665,A
0.025867136246876667,0.16939617665546305,0.299017648342449,0.7992246558201017,-0.32655322122237906,A
-0.26976023637198865,-0.3915312674354447,-1.4040585614820378,-0.12768700483015152,-1.9073663034409212,A
-0.5090725911518613,0.46939218952038125,0.05585235430809567,-0.21078351285004343,0.17123940923382838,A
-0.8524418257544043,0.0546905398616473,0.6612262808584091,0.3266058006824443,0.3115322713469537,A
0.3330101041739841,-0.47112188740803584,-0.891583347198244,0.8062373701378815,-0.9697230475668476,A
-0.5575774143241903,-0.6058291742147379,-0.8374458083692554,1.4690801355023682,1.2468035049961594,A
0.598862919637751,1.1038096082434867,0.9094260485408917,-0.03631930317740246,0.3165328659193719,A
-0.8409490622396318,-1.5239276587590942,-1.0296824431226588,0.6158812027180701,1.3289704060183325,A
0.2588496310104397,-0.2164469283982145,1.194027959815017,1.3649267427399263,1.3240764456904797,A
0.48374749324001104,0.8145019594204287,1.9771928400989685,-0.7335419909141748,-0.09098849474056347,A
1.4695938905816626,0.9056581726918029,0.14692112592723092,0.5615111252537877,-0.44276871242792637,A
1.7344935696216939,1.7833663285445267,1.9773743487038045,1.2768530507065579,0.35964653265313906,A
-0.9032646848186662,-0.21631796005668963,-0.16740981376918998,-1.5712365538707507,0.2309820394445128,A
-0.6493970730473906,-0.8614964472555965,0.3050942693396255,1.2088562287438198,-0.36314698430336545,A
1.1759998707090284,2.892270863419251,3.1697546361197872,1.9921552514768417,-0.9926380613111032,A
-1.00603413662342,-1.3135630271926233,-0.35139259345439405,-0.2512659571652672,-1.137295104540468,A
-0.5159388896338895,0.13792445249266186,-0.3783392542547238,-0.03336044707592507,-2.550267699079859,A
0.12617917184681726,-0.38724894756723915,-0.20174783098981847,-1.306205321722316,-1.4499996257524495,A
0.18358139254039343,0.12424384348590109,-2.1865112626167953,-2.667321218990824,-0.22774836401011372,A
0.42292345854729363,0.225868199013711,0.03201530549297496,0.5394008126055108,2.959891397148443,A
1.5482944896447521,0.8513709832336412,-1.4206598130647008,-0.8794827966905461,-0.8973187522732452,A
-0.6292688874624046,-0.86334326875587,-0.09665479956099625,-0.43537705496818324,-1.4086213497255922,A
-0.06015187552915868,-0.5708043329175969,-0.8392129799597822,1.1814798166856588,-0.6776211666644463,A
-0.5916971826770432,0.6233185408839574,-0.8567999667423917,-0.9496294873320564,-1.5671887239550157,A
-1.2495991696395334,-1.5128275572359733,1.6533625029600048,1.7544583814464485,-0.5857533847034941,A
-0.041683853996803084,0.4625249994822235,1.5051428574810595,1.5998324138942268,0.38281530384112994,A
1.3841583676960716,0.41141400904097686,-1.7855905511039103,-1.862655023727184,-1.9368513747848832,A
-0.8766453556494043,-1.513630753139281,-1.279520173506374,-0.5416654967523401,1.891999031211231,A
1.3528191513009697,0.5030758654471034,-0.1524022386250577,1.04990410088358,0.5161441390518439,A
-0.5434958365088265,-0.08271724890855471,-0.9681627106371402,-0.5477181237400544,-0.28863258180536155,A
2.511535452947891,1.457042161284949,0.9014989766753053,1.0150003289233078,-0.3842864234471008,A
-0.9348964294895873,-2.461629825427801,-0.30135093435985355,0.3637553695287235,0.5373168150333972,A
-0.7280486336924953,-1.1105988506163134,-1.1890299182413968,-1.8659331483565236,0.013317390499078088,A
1.1010202017456812,0.8757553165192165,0.007936860364938274,1.2873085487841642,-0.013497812922148408,A
2.335657905951534,2.410390416800516,0.7533618337044554,0.336320303355854,0.6113393455049373,A
0.8194926447460782,0.4169302442489,-0.6015195334645701,-0.9241877865466817,1.2322440145394036,A
0.0029782264615009044,-0.06505774263050472,1.0965854972915652,2.071934661564133,-0.17957647176610175,A
2.003735657334597,2.2809916079841477,-0.18409437809332702,0.1528060100757611,1.3249350549812349,A
0.8258542119664205,0.8148860208736446,1.1779721123767168,0.3850523312194235,0.5259024982105565,A
0.36539279751791565,1.0003335601551366,-0.05827798551280496,-0.9183302219530634,-0.476797706515338,A
0.8968870407556558,1.9639063115772537,1.5307724968422933,-0.7879426618654115,0.7272780536868249,A
1.5944018831063225,1.2017996728452314,-0.36693068300998927,-1.8387400765937922,1.3106142995658339,A
-1.8069488335814383,-0.8379885157649783,-1.0360606968959178,0.6084359116177305,0.6117967085276427,A
1.1671725955584225,1.5387513432907296,1.9565165156605882,0.6794441882608665,-1.112333428450592,A
0.43965742393929724,-0.8520105571560701,-1.919998838482706,-2.2621984687580534,-0.27988605254754445,A
1.796331067883076,1.79592599935943,-0.23211305877640917,-0.36024682501549726,0.6388073174586686,A
0.5507885899589074,0.4920921387384454,0.8030279477733315,1.5900994102179888,-0.004478673682382846,A
0.673657851303238,-0.14087176821913627,-0.9611248857392264,-0.2600485786813376,0.5626453778759244,A
-1.9024433570729355,-2.747936900595553,-1.6018443058769236,-0.22831178501820312,0.2611106707412049,A
-0.07270580937033128,0.5261374217448437,1.0394527138711998,0.17739837838427008,-0.17711780964663473,A
-0.47145213534252806,0.959405813475444,-0.32515167736153944,-1.588423849173314,0.4693771632859977,A
0.1068909453403452,1.0440499994730907,1.8622602559029584,0.9814714244847447,0.894106669675718,A
0.4388893945139547,0.43862938203246654,0.9050505900226925,0.9687402683359141,-1.10950773992585,A
0.06520098940953752,0.46618514659050925,0.29548319740408757,0.8480158045008349,-0.22650091488767757,A
-0.7910990085428665,-0.6645586689413042,0.9553519658394523,2.0501096509645236,0.4051151780339696,A
-1.9464341568231445,-1.892064725026241,-0.37771433300477664,0.16438560452737572,0.0028211195066797532,A
0.3244546789553601,-0.028449520826754275,-0.26846059035094166,0.614643655113701,-1.0419073503169587,A
-0.9666518334639094,-1.220135699449463,0.6989439415593058,-0.06090221759374724,-0.3516311633942267,A
-1.4167886938831882,-2.230491286126745,-1.578237794810943,-1.025902594365042,2.0125420310180266,A
1.757564470235228,2.3757242440889197,1.249573119933896,2.202650012523449,2.912969857127716,B
2.505735492588913,1.547909468622571,3.325189436123618,2.6180489037248145,3.036955299805378,B
3.678639548926508,0.23611588173413023,2.0775866125668108,1.8460081883563662,2.4846723417591314,B
1.0585676556727575,0.3135729574366264,1.09969133902516,0.5268665762908954,3.2433706110839626,B
3.137405437773393,0.28950712118816124,1.1824580571226522,4.235395332829835,0.9516455439214406,B
1.4434707862906186,2.3992950524744976,2.7483031128539874,1.0312760409818171,1.737491525817294,B
1.259707111450208,2.134922831495417,2.724941542199807,2.584021702907182,2.3155727623510027,B
1.1126925072319487,3.6698929002531666,2.652733407316334,1.1241665079432226,-0.05904654996540337,B
2.010901118453776,2.000482166414037,2.5515022096503714,1.5558271231010952,1.7467254128501801,B
0.3273600809122015,0.5244723895549966,-0.8584174819190702,2.488946405658588,2.679964429762486,B
1.7031003073457542,-0.5140907725361621,-0.48854369865488145,1.64093951038133,-0.31404270528067024,B
0.7773593651131795,3.507460334802788,-0.5727490052669673,-0.7003730822202017,2.0527132163934527,B
2.0908593555534565,2.7164042113319757,1.2105969339455451,1.17247553852697,3.6313124613853827,B
1.454082807336977,-0.029675718508080706,-0.11607966602440989,2.346335832946406,1.021828338214119,B
0.4046891267039474,2.964143465548637,3.022144817489237,3.619149565637916,3.958913960110752,B
1.888778277187295,3.5105266234204344,1.717149151045056,0.558835563928363,0.7023210419823893,B
3.251195861078183,0.3452150990063765,1.2259963687765723,1.38678650344168,1.5907190088653713,B
0.9572312986349429,2.512667735879626,1.473338017664891,2.415015422620096,3.3708762809972255,B
3.4791548754864223,-1.0116344379015283,2.64489172536688,1.673333567771081,2.943827380907619,B
2.5015768162391296,-0.3619863450466061,0.4053932008744403,3.358151148373457,1.160989156886483,B
3.5853991255821223,0.7011993137212948,1.5283060062941973,2.281920633863196,1.7482120545001392,B
1.0795109489722352,1.1354614480200658,1.0677311883089908,-0.732295643454953,1.1557646720133614,B
2.5134939750338336,-1.3054372813275719,1.5188067760926893,0.6323031570550022,0.6894731266895838,B
1.8555409950064223,1.1437873760433472,-0.4104740479573217,2.07571417031424,1.8780196122734996,B
0.7330990001279605,0.9755833929253509,0.02305614051751914,0.48934107617560163,2.8601160537354704,B
1.979812551769592,-0.005866208750708646,1.1441996318992569,3.0985964247260034,3.1622555124721075,B
1.0027004877464913,2.6586068331298356,0.6062090767415591,1.1293873180470748,1.0408647318617257,B
0.6736653889585383,2.826726520685164,2.83051561097899,1.4939054832176977,1.7834182947843038,B
1.4663617247287792,2.4137404788681254,1.5898528790685358,2.683298496627912,0.0848353889482838,B
4.161311178214005,1.4768825004619401,1.7624179335126136,2.898675448023896,1.416001474909658,B
-0.32107230311398083,1.245355563969899,-1.3659192718066695,0.12901868049202037,1.61342159845262,B
2.425315850823906,1.0494935944992996,1.4499552608400657,1.372706098193836,0.3187174452214949,B
0.7769582953944688,0.36682887956929466,0.18254833673616644,1.067496591855517,0.07570668262431957,B
0.9182761605331982,1.6202236663161977,1.7527911690892755,1.1050072967796865,1.1437197511691428,B
2.6388719993329777,1.3724268023408825,3.366872011643938,2.5647157379415875,1.8920129671859756,B
1.908931256068387,0.2792107193208695,1.7059518251086119,4.214087134831896,1.9170215355261213,B
-0.5121512375387485,1.739626200480675,2.202473547962438,2.4219071000833234,2.632951622347542,B
-0.17179545831424892,2.4837560952960085,1.8576106002484347,-1.0070520853600953,1.34448479748463,B
1.6675130625906511,1.4335400348973928,-0.739916010356668,0.4496344557951357,0.4942303851955969,B
1.2216249723494859,1.8264146555515872,2.930213914328861,2.068784611290424,2.296534425077815,B
0.38678218647041884,3.3839079929234113,1.4071952875771008,0.7068635244562447,2.699552268166612,B
2.879188717226525,1.5446844874557177,3.222284069807137,1.0139759462202755,-1.3337507125478791,B
1.6230036479097443,0.5286273316645457,1.604076130633985,2.6636170381958966,1.194373761476361,B
1.5864831918138929,1.4343790259329285,2.2693799524132343,0.7081614794037687,2.236563169611672,B
2.9148829899065833,0.9181958775429997,3.5678813836700987,2.024835660735002,0.25257261921708873,B
1.320081500350766,1.962404774939019,1.8193162519054076,-0.9402949635805466,1.76010847909403,B
0.29732617796398153,0.8554566411958543,-1.2323656058132069,0.30596846852167703,2.4105466583702992,B
2.5358034415192496,3.266832916821916,0.9864629351641736,-0.7370358590541524,1.721931759555938,B
2.3778807061133636,0.172061264590609,0.67862502158852,2.6540718068607294,-0.1878594678856016,B
2.096790131286816,2.175322672089824,2.949699309194996,3.2801928782758503,1.5314209113491644,B
1.8366740585330485,2.7814566157833025,2.0659708110413533,1.4445906376544377,-0.29975711836239727,B
3.2816728153230788,0.6345114418033321,0.6210617659917563,0.9067642966510647,2.0087933237600253,B
0.8199171958811398,2.0875686483029825,0.7711976283589964,-0.931562951776602,0.5990528460673364,B
0.4106608466716195,2.4122559070164984,-1.0615062297071414,-0.36837448668720363,2.8482973188542866,B
1.3093986970941653,1.797710869967807,2.8549530941026973,2.547974284435785,1.6507673328557289,B
0.48224192195895,3.3281005541943554,4.7261588345100245,3.1042530323263606,2.1379701492966765,B
0.5251662030900788,3.744700597441175,2.2623991590312262,1.5508929912367597,2.601487007522685,B
1.0601115986033425,1.182293475949968,1.6049795830722662,1.8265221606956457,1.2652461590482103,B
0.9614820782670824,3.224058143556322,2.4722661468239044,2.94229599084282,0.708835040383532,B
1.7105476127584724,1.748873830135683,2.925319198010422,1.7995789084929905,1.8738741437162387,B
1.5125093963958876,-0.17031478134049038,1.4081093886475469,2.5673290480735096,2.3640007790441833,B
3.152794623813532,0.33350905845243406,4.188928949590331,2.00225899689446,0.29170992765797465,B
1.428071708117929,1.016595241937714,0.8295955146984002,1.08379186255809,0.543250964050023,B
0.9150636795070568,2.459639884800488,-0.26779881484269974,-0.08039567502566958,1.9375924694455708,B
1.987862117372071,-0.5364231573512961,-0.2548662507394255,1.415721756142929,1.5073806119047661,B
2.783769910273916,0.34971754027151936,-0.009793534961731298,4.727252554218456,3.293965879730931,B
2.337071126565741,-0.2377295592981874,0.31550762498779905,2.4801010450189738,2.1958241396474714,B
2.533812047378327,1.5212013253979462,1.950172415273809,1.0999053799845653,2.393816633533161,B
2.477205608537294,0.6093230812091439,2.1656881328133286,1.6143550124367732,2.8039490573073227,B
2.462245905532953,1.7018345741488978,0.5246439124424733,0.009273073691014488,0.6214111922225914,B
2.26539950598751,0.05655933678049774,1.8636001710438577,2.257718181585218,3.576769401603725,B
0.05460149187888552,2.4318810981276826,2.9098388699139854,2.566874381621713,1.9456965926276382,B
4.072868628059503,0.6546828433313484,2.439372108598821,-1.4380906931479567,1.837016593443611,B
2.445720968166325,0.1185770643767714,-0.2266974878949688,1.3210573182751977,2.971264537759036,B
1.4674552964264287,-0.2563538296972814,-0.45039145449397155,0.8326142922394133,-1.1382610546198637,B
1.5340235386706542,0.24204589621353612,-1.201964189402513,-0.44632999905624526,-0.4749596680120409,B
2.395812015405459,1.5549987248570938,2.2184000402190565,1.7242533305814371,3.157441012110173,B
1.4460332466403512,1.145941398167572,1.9683234083767578,2.272610060438713,1.767768257947944,B
1.8351295603161981,0.00435914460018938,1.1742162438226038,1.4847620241041812,1.113035966721099,B
2.932446107302156,-0.2030951794576652,0.46372732940128647,2.133635913800998,1.1969503732144389,B
-0.10194518158751498,1.3722569959196012,-0.30555092399497386,0.5016330827004579,1.7741089002548187,B
2.145318550168751,0.5772098061372442,1.59997319738757,3.263179310475656,1.3940834898176098,B
2.585317561815062,-0.8249207777959797,1.3618076533829655,4.053479394494305,1.0831384508564912,B
1.1333620454070132,1.972485842296427,2.3583941060515228,5.14059556458838,4.013269700258074,B
1.9541277190297819,0.36953695344957427,1.7676958699057652,1.2186183124818664,-0.18181088394713352,B
0.9146334790545856,1.1161602166038278,2.243355942618727,3.5362756715866466,1.7729037898146824,B
2.5402196914292783,0.24734928624875563,1.3884914142424818,0.9066383491446303,3.356147313638841,B
0.6329260184574202,-0.47319937784858634,-2.3173875376821296,-1.3834878245576325,1.599883940965912,B
1.5047032594453618,2.000353954013628,3.5033778496993833,3.707582158923586,2.2732089036943535,B
3.392695899845579,1.397408984538798,2.1589645180748995,2.687996975178473,2.770570060433084,B
1.0533166759891444,-1.7898364341666646,1.1689512106680338,2.284119136959128,0.2744257180442655,B
3.283661973577461,1.102034029083331,0.23452117275740791,1.5583162783723659,1.472844142422627,B
1.7911413340227391,0.07826097065302484,0.05717964241868878,1.1288707619876075,1.186835086657776,B
4.725396197893992,0.06521736544299417,2.006515441249953,-0.027825737349089774,1.6801709492433186,B
0.6672088909252728,2.271126437650398,2.0937800196392145,2.5795088158524093,1.4646949628291122,B
1.2137896182557564,2.9697888525409097,0.31242494957713807,2.110585462589436,0.7561911686079492,B
2.6149854586731065,0.056984133672712156,2.9964106080408497,2.0170210120300616,2.004982237571082,B
2.06423888280857,1.4011463280861334,-0.03031964753816463,1.778280660744434,3.1403476445001157,B
3.466360174636321,1.7923702600001925,3.9050833890515944,1.4307412267524082,3.1762620817749063,B
0.4273820310547898,1.4476195889463839,-0.65593785907028,-0.16649129158726494,3.7384496282242368,B
0.05425446904130116,1.2160574835768432,1.4990519776421123,4.089772465398854,3.545304871958898,B
-0.14417438870391464,2.3686963532827363,-0.9252261931464503,0.28327657502457204,1.6689492687734242,B
0.3805072865208161,4.308680329110528,3.0941245453283357,2.992594966864043,1.508505128670223,B
0.39608115840124625,0.5793826069845086,1.018806293798214,0.05569668040220188,2.5751339791478873,B
3.003966254823805,-0.9365031171871019,0.9841557115123254,2.235700810070604,1.8329736123936122,B
2.265210399385725,1.0180238428698263,2.2802639851502104,2.4472677719937947,-0.05958000628837845,B
2.963142722209448,1.7923066001369095,2.086397807870121,1.6983380213516228,0.4216616574911327,B
0.983791082605438,1.5067904036666058,1.7941928495448787,2.4466561982816426,1.2340868219954706,B
0.7981125334574678,2.699241383466555,2.6915528936992876,2.52629056684669,0.6147406929839822,B
2.88165285156333,1.7095378069964777,0.9347210356343906,1.4453606412228255,2.3874652305772748,B
0.18371031776931757,2.8746163586715223,2.394394753405862,1.324284576764627,0.47080372706155127,B
1.485259273401183,0.4424743545289338,0.48492452312050616,0.6792577766957129,0.2972389917759608,B
0.261031071898834,2.0440708834368486,1.4373923557854404,2.6460281511282586,4.604536157471821,B
2.207910632694858,1.7505621529386743,2.384751470804672,0.19380917741412618,2.967712624854485,B
2.4438396105155498,3.1445242529905517,2.8956029153801954,1.8283868443247313,0.3333127843146344,B
2.2991940684793044,0.9063115688605122,0.9168208635857046,1.7194315390759247,-1.160753044955361,B
0.3227241678668171,1.3561128624531966,0.3841351773143762,0.6372504554258616,1.0651223740004043,B
0.7335703876230513,3.445192053147222,1.5884041239430775,1.1888403928447997,0.3124834124269322,B
0.24487595596456657,3.314783355478953,0.6963238430595823,2.9876434693748997,2.133148726556323,B
4.596301457623239,0.7682278642125503,2.0822761180986538,0.4089169754212987,1.7445391122766998,B
1.8224785248478725,1.198649668905284,0.3195986441357417,-0.16332565244986674,2.330449976113957,B
1.2490541724653603,0.22606468966287618,1.810532254320332,2.7292604553649484,1.444957235520123,B
2.4116110973992972,1.1541187294776585,1.6713590463845593,2.34078516416719,4.003730672452625,B
-0.27095263054183993,1.7821984633957835,2.025736341902876,1.741954942895076,1.0548891047650186,B
1.6002971889036388,1.8971938592801494,1.5929067016382121,1.6734278493813524,2.5898359148275603,B
0.8401669343297319,1.832934584680031,1.345892706937232,2.4805548611653134,1.7446519421527553,B
0.0563733146091685,2.051554119202464,1.6389719235187814,1.7649945882158469,1.28047931446535,B
3.8765567650362125,0.5690803234423094,0.17055752176346717,1.9283697736730132,2.858740514217584,B
4.31716767804018,-0.5846353162800106,3.431316247918371,3.241198983542532,2.386539387518501,B
2.9238850192009336,2.1068669166239706,2.7980912208561826,1.2478900703680724,2.47078505102308,B
0.14904257729829418,1.9553895063085267,1.169338122136716,1.0340571111379668,1.6943210349106392,B
3.4843086900750793,-1.6577915663077483,2.352959088087191,3.605243059239522,1.395215360358146,B
1.9173369701145597,1.0442939683178691,1.9343733950109034,1.3385473347739574,2.5931610470740307,B
-0.10841907560527075,1.5999494023799483,1.7672704056428037,1.3147818935706033,0.33666422298977006,B
1.514053004414355,2.2116632370064986,1.962624651252494,3.0461518853802407,3.012171996554329,B
3.6144125602715644,-0.22864446801569493,0.5220644129880924,0.6098721896585695,1.7627732412456971,B
1.4371631738734287,2.144763888443487,0.1273207449689988,-0.5581383633706554,0.1492637629844462,B
0.9785861660058691,0.31082581899162975,0.6148452705715908,-0.36884910466082865,-0.006332517778291802,B
0.9946869141047391,0.23664851550163002,-0.48983949346403666,0.6732835002485913,0.4697340970706667,B
0.11542697334088436,3.50473955858207,2.196997377819855,0.5031105898150823,1.5533228999295023,B
3.575996593382656,0.9055651617893007,2.0394961448937616,1.2804422993784805,1.846110716280241,B
2.2764490917777014,1.0301243276752452,1.852275890550301,0.8543434460080419,2.3785293351663372,B
1.1283718610073525,1.492130656302961,0.4261639537731452,2.508123679097978,1.7464231952625866,B
1.0586670630252972,3.8359960253588,0.8007116316380055,-0.1375689234193609,3.296948741206413,B
0.5350426012414289,2.322240279484017,2.910439384909689,3.563926958205296,-0.6540723988633235,B
0.8008438565829417,1.2096356234635959,1.2711840441380022,-0.3374527168853163,1.326612453191232,B
3.607901586499667,0.44681199635722435,3.0166320141009204,1.4245611152716913,1.1476521164138467,B
1.9331634871786736,1.094111483026173,2.9007431341867793,1.8981261736837953,3.268497701812853,B
0.3287455134729089,3.2774836837914574,1.6746152142047483,1.6550335932025317,1.8389529689521598,B
1.4078230933280882,2.913586363088463,2.196543952116183,0.4095174267386279,0.19614964592808692,B
1.5132412455964825,2.958216720602703,3.582196346015252,1.3379445915459165,0.7007105608843831,B
-0.24778394208196186,1.5153761273866304,0.4024185819096866,2.002612114850561,2.7888309822030664,B
0.9129789869043847,2.6575769950076316,1.4729547739013995,-0.3259540021545382,2.2010515327458475,B
-1.5638913549083187,3.1185675863504256,0.481117432962342,-0.20206333970438295,0.5460158156533736,B
-0.19262172879607742,1.7741992605230086,2.8950338889790572,1.756522818960836,1.4644753655267309,B
3.124129271421266,-0.27838106355447145,2.1529045270076397,1.4850776642895573,-0.9984631428038133,B
1.6644624425093695,2.849720725624951,4.330555977499381,2.147490100143161,2.205870196588937,B
-1.124339876559525,2.5308067830808727,1.2433368199215187,1.393650327776538,2.348858036257771,B
2.0475766498993,1.1812663589069246,2.134521079799116,0.9693910249425943,1.2812736644410323,B
1.4173295798061538,1.6732307851780068,2.094357245773223,2.5624354195244576,1.5544218193812283,B
4.257318681240438,2.191516546076773,1.762600748886467,3.637452300449566,3.523813063284745,B
0.8304037050663617,0.9959745798398109,1.6839340495142725,2.8534311713302487,2.1721048759146777,B
2.854322569351048,1.158971537358892,1.1810742069836446,1.7684709714762095,1.3822022754820522,B
1.8377376383985635,3.2023366997472067,2.515367583413866,1.3410880285480058,1.3564014144155885,B
2.747775254263269,0.9126607057272241,-0.17397967123660485,-0.09254755384911917,1.407511331382833,B
1.448597351978351,1.0145897229384726,1.922789243659593,2.4974376639764353,1.5867414862817546,B
1.8540379010940817,1.6569166392661718,2.339559376793194,1.4793266681439323,-0.6893547670763169,B
0.24799236214198173,0.2724442498763686,1.159880283701932,1.4932886772223841,1.5445938268847328,B
1.7004418246895234,0.20781042021064922,1.5700391553115258,1.182875068003543,3.907454013608333,B
1.7169120872910943,0.9525668641330517,1.8803454167767188,0.9701395688348631,2.0078614798425223,B
1.1172407574478738,0.7378140305819101,1.242814562908125,2.405202841233908,2.240034056575964,B
2.2440865051477252,-0.7694417767420356,-1.1519081768116548,-0.19825456921420614,-0.39807448537581136,B
-0.7580547312203856,2.6632740695435,-0.4229609142865256,0.5984138485473219,0.5217024674419212,B
2.5104604885496293,0.5487570796811602,0.6721267419141017,0.4238791265879325,0.9934247932707871,B
0.46124835011319676,2.1963591660280772,1.0104591695569392,0.3790803768470583,-0.9118246954048419,B
1.9543029604326418,0.1247545179182199,1.318428166437279,2.039999763969433,0.8866541278221847,B
0.7916746180105807,0.961982850000021,0.7060757228587786,2.584515121672757,3.4093295825186756,B
0.5236561160174013,1.1564981050565293,1.8100263973373618,2.5813711359580473,0.4703881157134473,B
0.564105785066014,1.5563414040205288,-0.4875896170264553,0.22409063057879264,-0.6928179686579203,B
-0.5512804585454321,1.715023063108032,1.2201995284204405,2.3125306233544256,0.34132777366125655,B
2.133352948744741,1.2354690203516214,3.5702736598637617,1.2010743642548618,1.6681636798567103,B
2.5455081733592193,-0.094853213609982,0.1863079235395586,1.0607710725862733,3.4153692711172705,B
0.3697983725320717,0.21435894242264264,-1.1966865270982612,-1.4976095055428291,0.31462648948984917,B
1.7849921389384316,1.9050219935223187,0.6996970383291995,1.9869133314486926,2.5299486383052927,B
1.6530696899003483,2.184675546932068,-0.4887090209317908,2.9189084995168724,1.989024141024054,B
2.5753565784175043,2.5677483209497254,2.0260454919207604,1.0925069929351532,2.9976365753006062,B
3.33669684484227,-1.2214532399544455,1.699310139298107,0.9507995847503893,1.34659638097818,B
1.1577068077785433,3.018145803021361,0.6823772784855746,2.0789098203552934,1.2575413844524554,B
0.6310926049864662,3.518363764447754,2.565404338035685,3.437709284832974,1.8575641019967801,B
0.7794846700016805,1.118042369346233,0.32721259985393747,1.455119796573586,2.0989947972782756,B
3.2835750663307204,0.26499653088323494,-0.7290943079919159,1.0929127844171636,3.5970487199030923,B
2.6355272444278763,0.9479074842916693,1.079582214530011,1.2818862116533694,0.20518154393647858,B
0.14888429314012575,2.306408646390416,0.8496621623858245,1.381397298384122,-0.9679386508324055,B
3.0437095704681925,3.6563717098311543,5.030908724437519,2.9392186088990258,0.9838585020504577,B
1.5632073030034752,-0.13732711303455858,0.1662432571555188,-0.3109640193101304,2.4931366960380963,B
-0.15903022703398517,3.847926165724337,1.2330159736882715,-0.3731106480971875,1.1467482164123277,B
3.1667998926586,1.2302313709349546,1.1661793644699263,1.3047369237887665,3.190843069470926,B
1.4128951631535904,1.9076648217448675,2.775310614297606,2.6980184381941203,2.3681106056041927,B
2.042131214805555,1.7253536362790025,-0.355200977971897,0.13540049550186084,0.5494852919694672,B
2.2032171653975876,0.8439281683330686,1.177538810301881,2.6489896984538737,2.8493087566310735,B
2.153033086483773,-0.01793310331825193,1.2970280979254354,3.1846457048603627,2.0731941387883497,B
0.15008776126539836,2.8118663938768185,3.0608277996895636,1.9684012159423019,2.6400097991433515,B
0.763404168051599,3.4609146216033517,1.6409452622917025,0.15493529838962816,0.8958755709021254,B
2.3218068895224704,1.2273660821428287,1.2944974050620393,1.7553174431889986,1.4674135646047826,B
1.015353154167741,-0.10882767100009172,0.9565990692879082,1.7753452101819291,0.41340710124870994,B
0.623594285607491,2.187067190088123,3.2526183489400164,3.6380089386836816,-0.0017707010914655985,B
0.393832856179571,3.1520484597423306,1.9041227462393175,2.5344860693648643,3.3421092950746107,B
3.2686149527466624,-0.21575473259427036,1.7047480353469462,0.4311042924106223,1.536196958397144,B
1.8381646946854069,1.5081393649477735,2.15201453104583,1.5232742084708735,1.6875026695475064,B
2.8444056235760167,-0.2801324170822308,0.8919589303113499,2.9906239067022975,2.6536451648416906,B
0.15502950524302128,1.1540276323693268,-1.2009033039078107,1.6261398474559667,1.2397051711020204,B
1.2984925100489855,1.247532207195817,1.4526291071184048,0.6507686966699769,2.0999072465614805,B
1.9763476021652662,2.7184795184818995,2.228105771709528,2.347762558966428,0.20786009629567181,B
2.049467655496634,3.2274893612958833,3.7227076541809843,2.895209376855128,1.0421414263529458,B
1.428505491140477,1.3361199212520063,2.556358963308078,2.5151403173471367,2.3607153784972943,B
2.5874456007501903,-0.7383548294575486,0.7378664118125917,-0.24258930191496209,1.6569842889309094,B
3.006817656927155,0.8828977027282688,3.021822138782654,3.5481867933771025,2.4086080204642055,B
-1.1549574691470537,3.3852885197564735,2.416679098469537,2.5901272686238435,1.59988191044592,B
2.25380040064844,0.40190417848469506,1.568772309285939,2.3140449640372576,4.087854432806664,B
-0.401983127076847,3.924918655766201,2.4977435325468984,4.339182385451647,0.5512110177462527,B
4.154427781699628,1.6291569859146018,4.821511341113246,2.7691906838314484,1.687442696366986,B
-0.5051182619217629,3.33412993672035,0.6988965005133542,0.578583256379976,3.033345455800629,B
-0.231282982428761,1.706022419333885,2.4493169483477346,1.151028979905341,0.7314897109770376,B
2.3267497454420747,1.643992041298477,3.4571273675106187,2.5552751312751685,1.544248043935479,B
1.45760967991935,2.6792435438325812,2.2192261665131143,0.44890042109800943,0.8591789841300528,B
1.4304582872207336,4.112892001931062,3.7913718834963777,2.1615273478359547,1.4999674147082767,B
2.2127513981410623,1.3725725312127697,3.139088852733039,2.7998867067852786,1.3595692480611425,B
1.2336247896970172,-0.1037348365216082,0.1864856709012861,0.12377766256227862,2.704181554610434,B
3.4919734409576453,-1.26327142875679,1.1425281806735024,1.9497775440020375,1.3330704400409328,B
4.3221796623036415,-0.0951598108956524,1.7252353542691592,0.5612497845116896,1.7465934860800303,B
1.2065322632161593,3.021893331006958,2.3446758791575846,2.4930417282831763,3.1149166100228927,B
0.1433303782114197,1.3515736634137983,0.3632957265935173,2.449107808491866,3.1849569193523433,B
2.0497925589125527,1.3736810588662003,2.1289052755061233,1.4883716174678303,1.3248053120848076,B
2.0108406415171745,-0.37832250994048544,0.21131910063215598,1.4031252672869425,-0.799052793955743,B
0.19260946576728655,0.23999889268813934,1.8200136215712739,3.2133608744370386,1.7237249336295182,B
-0.9895073781315933,3.587736306378661,1.9386232447024188,2.6765944901332146,2.0116380227110744,B
1.743676656398496,-0.02180441939520872,1.496609521779527,1.5110856629983584,1.5721567007489519,B
1.786122906407793,3.9890389229800114,1.0973904387507494,-0.48444043866247455,2.5818636857149158,B
1.4591258967969742,2.448890712452288,2.153878930965026,2.826564936734886,-1.05446154430255,B
0.4767157376708273,0.35641256681968647,0.683857021619857,0.8082104178092198,0.5365701216235861,B
0.801195154001633,2.0151176721281248,0.897252343864964,1.3530767210169872,0.029203223492170194,B
1.1385966274361965,1.1602420788919756,0.958480533240828,1.3223818383477777,1.9796656578567124,B
1.6241527944983316,1.2397056247719573,2.6630750750361156,2.035752366907109,1.7851114342900367,B
2.834105523816935,0.48717119013218313,1.0430092799931543,1.294450097195443,2.1849136932255284,B
2.1792479814090906,1.2954607693008218,1.765889874221619,1.5541354974583477,3.1316449644290927,B
0.9448277248242546,2.7118978844074233,2.417690990039382,2.599709694438056,2.707514416627432,B
1.5652798947660378,-0.08180484994938042,-0.32911261470538067,2.175797755929909,4.435259381038723,B
0.4080509697121253,0.7543203037799533,0.021511317181638123,1.3884812917000728,2.6282730928714493,B
3.497747487454329,2.1519941579740136,-0.19439310718608271,-0.1094610408434844,-0.9451890308424837,B
0.11740836510755104,2.3312844647845807,-0.941412219401522,0.9815830463186658,1.3991899466048476,B
1.4058572768224822,1.8682771988064732,1.323288405708491,0.2770668019883811,1.3469381074069926,B
1.5162410578157177,0.7909302375154684,2.4511915898904704,0.11951810679239361,0.24072274977160957,B
2.567992636850465,0.7954123854746697,1.622765478606143,1.3816283712312072,2.2179153187554586,B
2.1975441089424876,2.5609651541907383,2.7458262518754486,2.627069121084566,2.918977975536102,B
1.0673478308625581,2.5373592092271817,-0.09164815928895975,0.2133445589515317,1.5156236527231528,B
0.39526704604840157,0.3918601113546776,0.6749864573748803,-0.15584247689402408,1.5510252346956652,B
1.1709369231629392,4.361391227695885,0.9634783614021875,-0.12737839615179403,0.3646307153331523,B
2.49043393623617,1.1119634333853785,1.0405623343404298,-0.851632721530629,1.8859515761828867,B
3.036823106100644,-0.14835804806948483,2.980465385055777,1.3849767866076355,1.9164186036688375,B
0.791611431002041,2.8245483881879396,1.2423375462372395,-0.5211802149958018,0.10355620320713488,B
1.565358100329081,2.2210417268093594,0.6477978397568595,0.7596622696583752,0.9741073117261791,B
2.30320091441555,-0.20877376192034114,-1.3725798035536054,-0.7299891838491148,0.639280015701061,B
1.5336261122824875,2.360860382014752,1.3063525017207218,1.8351393751127791,0.7141480119437349,B
2.3826453659236093,1.3480655385722191,1.370337454286473,-0.11261162220838905,2.1474975523805875,B
1.8539084166446622,1.3793929520641954,3.0762918429435895,3.0930191897921575,2.0405751777335803,B
2.034262717268339,0.35228658942519964,2.160608106030139,1.534895463223395,2.1559054612634183,B
4.156365100294927,-0.39568805491764447,1.2525614817985276,3.1966612369216474,1.3757313357888723,B
1.6908189567098162,1.2176576830541652,2.097880534718889,2.253429936522803,1.506150110051951,B
2.959651676613481,1.0379951624218666,0.7119649203045505,-0.657252641772732,2.182133117855108,B
2.0294524841136825,-0.8636885303170816,-1.3070446097769963,-0.5444763254591418,4.211959078712596,B
0.78617540349144,2.5671778004547763,2.1217443516642387,1.4261712736517511,-0.20029257888908614,B
1.502567121364934,0.5534007570117528,-0.957872610587057,-0.2582005899502249,0.4382650072340213,B
3.272771861915153,0.08376004481720822,2.7032120488760576,-0.5019376931404924,0.9695329841411324,B
2.33799930974657,0.3975867824796355,-0.1358833347424664,1.2244421285856506,3.2290233366678294,B
-0.2574067831297797,1.2402990612352762,1.2948535579073341,1.1703480908683173,0.2268011428032699,B
-0.27635487685332194,2.1287051046105696,0.5006414459679888,1.9401891508214932,1.0029226496819892,B
3.195871030402112,0.32372087344062694,2.4080585972213324,1.2263008149869652,2.7672735130116166,B
0.35126702466831605,1.8238110259959381,1.3954013133009868,0.763342010161503,0.6814657992053348,B
1.3819178967950738,1.453963948821084,0.36635561626040025,0.13686452789586556,-2.2788347594086047,B
0.5094114963938122,0.5791226303474337,-1.836895011776492,0.16972761984837836,2.2483376220986946,B
1.489460514000227,1.1231351974105086,3.7413978864040978,1.93935021031404,0.29233370820114724,B
-1.97046091924121,3.8010070986084474,3.3673822321172864,2.2011552110591226,0.14462080119281628,B
1.637323942909953,-0.14829053835241446,4.67506723880304,4.400511155734719,1.799813434193539,B
1.7862211140925808,1.809889476386262,1.3804780874111287,0.9621439295602325,0.6932950984565025,B
1.6564453051117503,2.3911015325535043,2.359329699213566,0.9053574660798398,0.5681091663117189,B
1.2119584487236552,1.1287991131546484,3.2618879672407406,3.2120813790394473,-0.0500223419237531,B
3.283143621942441,0.6295442560318311,1.0804711104012221,0.7461904370501521,2.2847102171149283,B
2.8582346880997247,1.4941313369729763,1.5685463263318644,2.899769141553467,2.3859438298705515,B
2.158267953413878,2.668057620790227,1.6055178580355038,1.0905283659806693,0.7244147148697447,B
3.217607165583007,0.864536450068287,3.2382331856422164,2.134184780911506,-0.1879130963461899,B
3.8622638341139965,-0.7664248436228167,2.17392357584504,2.963452653012383,1.8948651050506506,B
1.1048531945966644,-0.5075823532281869,-0.9541993222355569,-0.08783876457123174,1.579874864344224,B
1.5064818222705583,1.4876569946086973,3.0088710283768503,3.6813999307345773,2.6818879414393795,B
0.7434203024512575,0.8919671216668181,1.0277317334813743,0.2158476339201143,-0.34084307066134456,B
3.0174253651426377,0.3352276418208,1.0136383492682342,-0.6633769214647605,2.1710319792297104,B
2.284070286122643,2.198723912937241,1.987667451958103,1.6028791558497364,1.6589974495853321,B
0.3078608438991599,1.14669773039971,1.690198901533278,2.17642812493093,0.6143703337309755,B
0.93481359888843,1.688739470164322,0.8361041481840037,-0.6740439348363063,1.9811240739753355,B
0.42775669811505423,2.409143342812457,0.8557813813006043,1.5087240054598055,0.5631539899590726,B
2.1173982662523687,-0.45054428683266456,1.9327874183489793,1.8246514213302392,1.239462261682943,B
3.5560887517366946,2.5669922751688166,2.223121056114766,1.2633828616603877,2.974711076281697,B
1.3026803655167598,1.5053875688221505,0.12042144223425422,1.9633113639616493,1.3834166459662787,B
2.1379541756580913,2.303707594421687,2.0473889710026687,0.9628093875903231,3.1076408448524333,B
2.4730508742527615,0.21105746993632568,1.6638476982593273,2.8554969658158016,2.8930152129420703,B
1.1125974617097243,0.6775778968193038,2.437133054855953,2.4711265010697483,-0.3401464176276856,B
1.2879359828337709,0.9742347940989966,-0.11049700669054907,0.6220996576960431,1.625287475843912,B
1.6173074944325538,0.5639293628172921,0.3939678172916934,-0.16005524707987528,1.952185988728807,B
2.986788607471482,-0.05958032062868335,2.7510174677359767,3.5904210815277935,2.009262793450734,B
0.3489586652086012,0.738063690614647,1.4244211722133073,2.146396607679221,0.9193618663309429,B
1.5477366875830842,1.5013431344033956,1.5031158463259218,1.3236408862963194,0.7225769865051561,B
0.7590982625960012,2.317205678214365,1.570815804964064,2.6000236422221183,1.8562376224794797,B
2.0664297354873065,1.3880682535846673,2.1457861589929363,2.080944089946884,2.905489370199451,B
2.2781604055787636,0.9716158368849762,2.3861864114952516,2.787397529536853,0.9614087022230179,B
-0.26685272320078934,1.469666688415342,2.216719329932273,0.6945104093872057,1.3700594881106272,B
1.7217451783572113,1.4852881662579047,2.2150888919062113,-0.010732658995855626,1.8885118628432442,B
-0.5516134491017275,2.101201490401264,-0.34075804634394036,-0.8859380507608385,-0.24904968257774196,B
1.8118914263617503,2.2034800993665487,2.346011126784318,3.3937583099433244,1.9354540431581202,B
1.3643015988266578,2.3498485577081665,1.4919413119414981,1.1193425623412931,-0.8583518770935417,B
0.16732875336028763,3.345026837246787,3.2071292707671244,3.917083843131802,0.7611735299478871,B
2.8572423919388283,-0.4350223092158445,0.17347219654327795,0.4528638796490627,2.3056726320814827,B
2.245318488037643,2.571588426437251,3.169096099541478,0.611320107483541,1.6557062131864722,B
-0.7880814409585213,4.103099795982532,0.5180530252094451,-0.4482269931653937,2.8293410058895963,B
1.8171954771699306,1.6212796204543747,3.0860150994296287,1.6355581067778433,1.4330809075621496,B
1.9832004540198063,-0.4359302344733682,1.2010662824289344,2.3042100125045875,2.539448519100336,B
3.2238080849848405,1.0399583164462418,1.7463186293125192,1.3828398861907685,0.6079149150563014,B
2.088542238816309,0.3604930564938378,2.471312312314512,2.011308386709259,1.4855177887284525,B
-0.2574190985451612,2.384685118668866,2.0808082625820203,1.4926350645398965,1.920464324722371,B
2.670301126108563,-0.1950403362836559,1.2642097447486749,2.828009381064477,1.5996627568940665,B
4.881856158092974,-0.3962224128546308,2.5524312250637338,4.516278014547697,2.6948397454383457,B
1.3757298867262335,-1.1927871041013383,-0.36192698380787824,0.22844364891793245,3.2738664283006744,B
2.285337714375827,-0.40362688925355816,1.8156400261146037,2.6954418727414424,2.009245207639723,B
2.3680238238696294,1.1902907088347867,0.7034018605913479,1.0009147902728082,3.307690891345735,B
0.2557710535209732,0.4650895649148683,-0.9497337354153643,0.519628982992416,0.7371533247855524,B
0.7612197982190337,2.77803256272282,1.4118167011587521,0.9308002427394272,0.015294033951435582,B
0.7066430328835274,1.3380343189677297,2.8462218323070143,2.8990596363305774,1.8349333836881372,B
0.8519485638473647,-0.37738942285788823,0.7936487232803098,2.6540986123297157,1.0692771751787102,B
2.3256149851433605,3.604518884129098,4.0036856256944,0.6475636686735944,1.2880649303111849,B
2.1760820000577894,2.2076436286012284,1.2023599741231505,3.000037175717024,0.8868848022429607,B
1.5031365181247258,1.9250668125877313,1.686987072747086,3.8407191581819795,2.150352768575652,B
1.9218137094253993,0.1320641560796192,1.0860686327742148,2.275979279777582,-1.2300947094952885,B
1.4687928842357805,3.322338461980433,-0.4512566538173437,-1.433285303196536,1.9488345128360887,B
1.7646862160376957,1.444815965882149,1.3082943237091087,0.6465111315632875,2.87075669775233,B
1.4832619915386849,1.1706074105340567,1.414061673355841,1.877777070019889,2.1588389514982853,B
2.264637799235864,2.417345026103482,3.7392970739332356,2.1843768368972674,3.51337072461409,B
-0.6600695002889929,1.4331948225845152,1.3062463363988883,4.103456429522279,5.163163063271032,B
1.072987919480818,1.4696820585988897,0.4948763140093859,3.0250759910536553,3.4875053916798757,B
2.79851543053318,3.254370206751326,3.31779229645438,2.063201492394012,1.4979943251959118,B
1.4683584430106462,2.100309599801011,1.7170736432991822,2.307493559666664,1.8857792852711912,B
0.7889243521771044,1.992746923019435,1.2723071935012875,1.300837865353729,-0.22941059812180553,B
1.8040350070766589,1.6191781473261564,0.5883985658745751,2.4829545384035407,1.736204064220953,B
0.04228308270838044,0.4435246689965944,0.5148950308721797,2.0686702328159714,1.1051859664215162,B
-0.38025807630448916,3.739191994506031,1.322601531385105,0.031319528404874175,2.9939954046122637,B
2.6004212005532796,1.191138839356854,3.1450026906817223,1.7043282954168941,1.8666833762345367,B
1.407781899039263,1.9019882068202043,0.9031051659255843,-0.14982773442094066,1.956044494917833,B
2.0972422977646508,1.8633249473907543,0.06238628589622497,-1.1966149377918778,1.9478908557897676,B
1.9578861249119628,0.18281377113531305,1.9975608882109803,1.7502144890197557,1.325462956356214,B
-2.1162729929703414,3.8806187944380675,0.7832322279916629,0.9763923382450559,1.6806729120348747,B
0.20215990677634776,3.6502828622499055,2.622715462070098,2.2503265272320263,0.8771434727213774,B
1.2029835757146503,2.7265928939315076,1.0617068270450822,-0.8749346181840174,0.43804734645923404,B
1.876040961599565,2.722530710824166,2.6515635759288525,0.3931774851856209,1.521420031748612,B
2.6703356941667096,0.29475420774864736,1.9588473980903398,2.2577516199226313,0.7474670873286543,B
0.4224648146646053,0.24166452960499019,1.5599234760991334,1.1854594248155865,4.140643168215354,B
1.4340880818091304,1.8435799391290228,1.8504498521230075,1.5935568152201882,1.746021745696301,B
2.885672519337212,1.985762355611539,0.6509431646920392,3.191647559014465,0.5042378810130056,B
2.148728935779253,0.6728230485408214,2.151001014598334,0.5432804155705829,-0.13041599948074944,B
2.154583483118897,-0.09335062860580501,2.340463107302182,1.200485306267726,2.615957973979331,B
-0.38137665496862994,4.293613975065968,1.6027837933832836,1.6314436507510737,3.569622674181869,B
2.1780790356242434,0.6210762614034483,1.2439852463587737,0.8635080582264595,0.8600140439797496,B
3.253003029247559,-1.406402491110689,0.5942761849493745,1.0500785385964924,1.1199816430858962,B
1.5297843288283413,3.0370575073778525,2.3895091815124845,0.6387495385079988,-0.9984928571945222,B
-0.43224840590176217,1.0496042044551999,0.5721075456871924,1.2453630880921729,0.6259824389566111,B
3.271189758507955,0.9650585135096756,0.683382054493028,2.307860736766747,0.8809380115143964,B
0.6700169181798201,0.5468136003156455,2.8200262770441826,1.7728871883821549,1.2315048986799242,B
1.6012390842615476,2.3450549541739028,2.3142546312183816,2.739950348857473,1.6002842781566655,B
3.2774541400638597,1.6723431131636206,0.7113848271988777,-1.1009673360799455,0.3427922078978112,B
0.7711375753149851,-0.20566768889536813,-0.7267009946213645,-1.1579309558786441,0.1776447203902145,B
0.4911230078222568,2.9888992195970756,2.5193379938939415,3.774039833056197,2.2770158543378427,B
1.1391376400650528,1.2671404997151081,-0.40088701367543633,2.578989888403444,1.171773898759359,B
2.022617887860901,0.1863668673726422,3.101029646141601,2.6921438595238194,0.5475845587317709,B
0.6578319943376175,0.8448257350412259,2.1520501639420124,1.992916080238227,0.770299369590586,B
1.966223062582386,2.401870008525058,2.0626377681786794,0.007217825319339788,1.2336793948766804,B
-0.3858925349630882,2.2261867111870712,2.7243261012859534,1.6482797622487178,2.008177662266802,B
-0.032178282368549915,2.395922116691302,2.0202882492587597,2.952532105338263,2.3223960732577145,B
3.6317671475607667,0.6052151755410703,0.9387365629877127,1.930998025022613,2.0846957026694666,B
1.2745752508201837,1.5677927754287713,3.787566735456528,2.8395967134045907,0.33108376802951356,B
1.0318057270557963,1.5532661898799798,3.4257794045818333,1.6694476561124278,0.2937171311287998,B
0.7591940286064314,3.3211246498341405,-0.37594725942918195,0.5878972699662146,1.4934835704706493,B
-0.5451207205384057,1.4827322026531082,1.450732086462887,2.5733539250610837,1.946350579114623,B
-0.9919367607696143,2.7899037747129056,0.2004578605279066,0.8668516881463592,0.377380683673586,B
3.0940218898076925,0.8209692454912392,1.2886397126980187,0.15215281085136567,1.962766637278823,B
2.4960091034761085,1.5422475953167967,1.3410694428415693,0.47334950793745256,-0.096993251226966,B
-0.5425537793930433,3.9747711035901494,3.028676295025342,3.1556070397055,1.3817922810263321,B
0.9998849563086276,1.8837717439260202,0.6445117713325555,2.5349458725672562,2.4144552425692227,B
2.05153345910783,2.6372800878997307,3.1549503504970993,0.04103459228165085,2.3516180684249313,B
0.29786621173401295,2.0661701295122783,0.9080448674117502,0.6910386768612946,3.640326840508104,B
2.058972630799216,2.31089802402445,2.4203618695552653,1.569294675981733,1.449249307183303,B
1.3370895225751607,1.7725261659168166,1.4734721809995597,1.5499851441922825,2.091110069167143,B
3.7357768704462497,0.05369646247299076,2.7539645955680556,1.7542850441312794,0.9950201450657119,B
-0.38699004763464107,3.474829054958377,2.3727886113697836,2.67481881983573,0.4334263528768343,B
2.4093292684178103,0.7577811535477714,1.5046251063194058,-0.39746553273776297,-1.1819479905486268,B
3.7799949290882373,-0.2946363007107189,2.1123256849580554,0.3576907386115602,0.47285252043382253,B
1.3625213996529981,2.4752674291800574,3.243086791146998,3.744665814045453,0.6710952652943186,B
0.8319648661691466,0.9517255940752118,0.2575428797181949,1.894165747440606,2.4209723759758486,B
0.9767772552429473,1.0580807105377477,3.392436860106916,2.471483279875818,1.8648521443210373,B
2.819348435983204,0.8274837399557192,0.5261513858949826,1.1850987208440313,1.1441363857866715,B
2.106674542692804,0.8689710577487024,-0.4584592108815795,1.3486454376083525,0.9204341784246345,B
0.05908163557213841,1.3060721202323518,1.0026606918261558,3.575695553152431,3.138048161315,B
0.15862178586230247,2.2028378966129876,0.5118019197052965,2.03410614008176,1.0959657825603557,B
1.4589654833781904,2.3662502711251587,2.971709109589496,2.921576166242062,-0.5530059032365431,B
-1.4803907489281696,2.756209698554127,-0.32303128841766227,-0.5228621728929208,2.0232416480080166,B
1.3304585008464314,3.7450522460480418,1.7140495813926884,1.8157523070122616,0.799582793215275,B
0.6661630342096156,2.4583682275435774,3.5025152873651693,2.126678452059239,2.9526917250697675,B
0.47405839839498265,2.5983529767296827,1.174656668711633,1.7416613992419205,1.6223329304381844,B
-0.8884524677379835,3.9193543820832843,-0.22823613862586556,-0.8971371027170516,0.8926314028244855,B
3.477748510073525,0.9322612520718065,1.9321550441462096,2.6284195621516577,2.4730320712378453,B
1.2750272917225667,2.822824872478784,2.1213743307961637,1.244994502211597,-1.574631145081539,B
2.8228032800140213,1.0479986138132344,2.1043809243063882,0.941919698245919,2.393480384661827,B
0.332704777167536,0.5591752388296645,1.0288841160520341,3.402528380563264,2.735094701765145,B
2.4539209489135554,1.4483301096811934,2.569387191639133,3.6110115652060846,2.330343176523799,B
1.7845279481125176,3.6616277270699142,1.4721579693171356,1.6017413817792032,2.2938520424696502,B
1.3385840058002396,2.307310333852109,2.372069386404892,1.6489392779104652,1.8847363559306656,B
-0.5715680793705662,1.5419632199159177,0.18038572796120733,1.6984298521904135,2.1364269792226023,B
2.835930222211302,-0.07361026669145088,2.9439701212445897,3.224932061119028,1.5275745565117207,B
-0.21673451513272068,6.144572109588682,2.380302693561684,-1.1347064168952792,0.9589380270028588,B
3.09221981994777,1.5978531004678034,0.10619193806254934,0.6230504890566791,1.4825242056137513,B
-0.0979631413921147,1.39390966226735,1.270489582448223,1.69494359610497,2.04663073321144,B
0.9702125561006102,0.7020397986434861,-0.8365218844042155,-0.13461091581080575,-0.9542645791394251,B
-0.7116366463262991,2.1064402878512967,-0.6412346554262318,-1.585080198195643,-1.1540780069408614,B
-0.1796609006866705,3.088659586560542,1.9297962642456488,2.248625427878941,2.6156366758969387,B
2.133966147741184,0.8681704496791467,1.3319952272458673,0.5946517214468108,0.5348398347360319,B
2.638894205884037,-0.12635476348278352,0.884277953413899,1.9448457621936601,1.8611689508599147,B
0.15408248385248013,1.3388941852302865,1.0654983231148876,0.9974759962679863,1.0715770369630642,B
2.5251825113858093,0.9477359305029185,-1.4908042321392658,1.280888096847388,1.093254238474092,B
2.4512739590632115,1.7696423405684771,3.4196895803288636,1.7696890525052407,3.843624115026253,B
2.5549022485280375,-0.3988516365296826,-1.1827954357031696,-0.5439288674274296,1.327257171140147,B
0.05673801425754621,1.5276835082592966,2.497296888469581,3.1452751566008432,2.521910238338892,B
0.3557722207446339,2.4519994929937767,3.248206740255326,2.8409685908458315,1.0770841178435204,B
0.9106952694335056,1.5560185931878177,1.1416872992567313,-0.15638208534774112,-0.763047139216114,B
0.6865855481360599,1.9292056439465015,2.243166675801757,2.9697397655788804,1.8735902209166182,B
2.4311030621394076,1.8067880776932776,2.582354895313584,1.5519980955087191,2.1799606402839538,B
1.5237546690682264,3.1412368971228988,2.6199202401742245,1.4370416415284644,-0.34706343501158754,B
1.4907210349896207,1.7026457391895575,1.9322295007098562,2.810841497600335,1.0490430249369669,B
-0.15332138502262183,1.5064335093276668,0.8923115962847044,1.9862012915800236,2.284429630709893,B
1.6266565348590303,2.6310615988988317,3.5421505807082516,3.0574195527806483,1.9424575996802782,B
2.1980745702202187,-0.4032976113541773,-1.4233001117976678,-0.7703462644706627,0.2644413585026648,B
0.913317935922752,2.836709740261062,3.0107551388322307,1.6043162983457033,0.7060081398191932,B
-0.44346194505788294,0.22621304146279142,-0.5131613542746618,2.872160346794221,2.8677398850046343,B
0.8907937586704584,2.1586427419713603,0.8476296158791164,0.5327940915379636,2.528210134479332,B
1.483668057333387,1.238098381683628,1.3184821187275,1.220107260313719,1.2619646457081855,B
1.2987639806518987,0.3137809188498477,3.1203376610680644,2.275885915020468,0.210009804989727,B
1.090264815999105,2.206989254461915,0.9615887921217443,3.7288353164138814,1.6301118562765087,B
1.116355266244373,0.1429439610619252,0.5573414504618058,1.8283033468347456,1.9518479967754332,B
4.962964084483363,0.9429094767840087,3.1616113225165257,2.975513452819503,3.419147485638362,B
0.02186436244653711,2.3628493154123906,-0.39411259229311235,2.5760947342694607,1.6536857677308539,B
-0.647692327018663,3.5293331678500253,0.6155202210524295,-0.7930652334598141,0.5600024717271509,B
0.7071949389981838,2.8209108199188817,2.243667543892112,1.2474536286973497,-0.036763587890129124,B
3.1883300802660015,0.6879056096153716,2.436511630397348,1.8244118727781047,1.0475867293794168,B
2.2877180378633653,1.9348887409373636,-0.13203176667618854,-1.6635917443222015,1.4264253731984018,B
-0.11849816065699792,2.2268222462597977,-2.5277930246739517,-1.4692892566588887,0.6447222062588789,B
1.7121672399151464,0.04599964438365611,0.5663218434815428,1.4489111807881876,2.147781947892498,B
2.231716463897087,1.3781295010437424,2.3150436595838526,1.1571961488562645,2.111201104115256,B
3.8972172643399903,-1.0740932948681907,1.7205781672390383,2.255537281165558,0.9659739137367088,B
1.1707829900594062,1.856995344868424,1.2635640634395222,1.336569276602571,1.3360880690231765,B
4.298910488663372,-2.0681627228996518,1.4446713097162514,0.46741115153184354,1.7260094151078784,B
0.7568595178771499,1.3828188651985764,-0.5060884424612668,1.4794728703933184,2.4220827287448934,B
1.4324992152243547,0.9779262956656284,1.9565273580329312,-0.6168528212729121,1.5814859660913132,B
-0.08552379115651987,0.7303598255369229,0.2505590031190579,-0.8473074807396501,-0.88205676876251,B
1.105017036100001,2.8619554483356793,0.5021517077545927,-1.2817029253260097,-0.00927347757659902,B
0.44274321251067206,2.036415417096426,1.5474834754787212,1.4110176635406058,-0.9020568129189996,B
1.3064214964062597,1.3500917703084845,2.153117460698587,3.3273171843224834,2.4039340070391497,B
0.0539959521535649,0.29656362131397107,-0.39856938005738374,2.519821021876912,2.822126274496687,B
-0.6007319848150874,3.2785743616095164,1.902404812278448,1.4829102947912414,0.41824863865068007,B
2.6464255107176458,-0.5255005199741309,0.6848166753010885,0.37030686781402133,2.2807526915366285,B
1.7336730172214119,3.0500956463530278,1.8584584025993711,-0.5058553164403232,1.7310651561701793,B
1.8286254696434305,-0.36545290079084913,1.3735507448971656,1.1205152628317712,-0.6003464934121561,B
2.2479533039282504,0.20925995412681475,1.9519241978248494,1.3350342441807845,2.6231086716739442,B
2.263375720989274,1.0026470324892576,1.2922768172617514,1.5161046566604472,0.6362431496332839,B
1.7751301823731822,1.2440628710802832,0.010748420464756991,2.062933651662416,3.0322194812767416,B
-0.45741349927252917,2.3915653758107087,1.758533296645649,1.000360748641641,-0.31699459568254285,B
1.7040141593659945,0.8123005993761776,1.3853672407242343,1.7532574964473981,3.189548092112855,B
3.5588815252815165,0.5180177672239595,-0.9056013789866015,0.5161311458815713,0.9348245189740139,B
1.5130845670965822,2.0031420502750246,3.3374227390233275,3.0893352808639376,0.857573249020343,B
2.2226212319995686,0.5116006795722007,0.17968739378876242,2.3777194348057913,1.3199621538255628,B
0.40121630791897767,3.170668380076755,0.3373573153745075,0.38577870924065505,0.9182223362434833,B
1.2870110685898308,-0.41238516981983486,1.7335164476599016,2.385514754963582,1.4662284357573971,B
2.857222836968715,2.7083085640145255,2.9866455614948304,2.4783888170754227,3.0781930285086845,B
-0.09623965839813087,2.497184614631718,0.9376571406132681,1.1357484174987968,3.460579849413881,B
2.5597075287126954,0.8578149576747711,2.5590870414496827,0.27920367907500965,-0.011543194894151787,B
0.5185384728131059,1.8316062857608133,1.4679731082552832,1.794834713043965,0.8351416357670408,B
1.838887600592642,2.5944618930035768,3.31112891249343,4.084001572119449,2.7672761489490876,B
-0.24816292822544517,2.7740283495271365,0.9925619817513656,3.140596514202005,0.5918169031371964,B
0.9697249049736986,3.4367397649524873,4.865963290089923,2.0542255828846328,0.10298456202045836,B
1.9083692748223113,0.04011076338299735,1.2832406564710672,1.680192652729358,1.6664675844480785,B
1.3659179944896405,2.020444934579416,1.7172201113978571,1.4294068729285014,0.044159584025844856,B
-1.2938887926571239,0.8549319513679693,-0.6485174135082734,2.17538060207206,0.9372206990562703,B
2.0587508334537556,0.9338367204379968,1.406150891373469,0.3506133212943263,2.5066051953937194,B
2.1633732537328316,2.2838525569977643,4.118504976149108,0.2010907366812016,0.7739553101374336,B
1.603078042085706,1.732479503012135,1.4520111356744752,2.638937157559731,1.7723023439538879,B
2.3429961453181494,0.14145972431562504,0.12009750225324445,0.8316253267423741,0.16494530623238202,B
0.06597359101790512,2.228454832437917,2.122806481689351,1.8633087102330061,2.579861967680973,B
